Gene	PN	PP	Total
sp|P34915|RBL_PHYPA	2230	2867	5097
sp|P80658|ATPB_PHYPA	1948	1324	3272
sp|Q6YXK3|ATPA_PHYPA	1439	971	2410
Pp1s199_130V6.2	1053	1136	2189
Pp1s52_157V6.1	1141	973	2114
Pp1s421_3V6.1	819	723	1542
Pp1s419_7V6.1	694	755	1449
Pp1s11_39V6.1	781	622	1403
sp|Q6YXM8|PSBB_PHYPA	1041	322	1363
Pp1s19_13V6.1	747	547	1294
Pp1s147_106V6.1	548	699	1247
Pp1s472_14V6.1	685	502	1187
Pp1s6_312V6.1	612	547	1159
Pp1s312_46V6.1	427	639	1066
Pp1s459_2V6.1	430	635	1065
Pp1s135_21V6.1	458	594	1052
Pp1s419_6V6.1	521	515	1036
Pp1s254_25V6.1	494	535	1029
Pp1s40_17V6.1	486	495	981
Pp1s475_27V6.2	399	556	955
Pp1s254_3V6.1	565	375	940
Pp1s156_30V6.1	564	344	908
Pp1s212_44V6.1	377	496	873
Pp1s201_82V6.1	378	486	864
Pp1s75_141V6.1	460	401	861
sp|Q6YXL3|CYF_PHYPA	545	310	855
Pp1s44_78V6.1	519	332	851
Pp1s509_22V6.2	460	334	794
Pp1s264_55V6.1	313	478	791
Pp1s77_69V6.1	444	329	773
Pp1s72_25V6.1	314	426	740
Pp1s425_20V6.2	438	280	718
Pp1s132_175V6.1	297	415	712
Pp1s120_139V6.1	407	293	700
Pp1s120_164V6.1	288	408	696
Pp1s71_283V6.1	329	364	693
sp|Q6YXN9|PSBC_PHYPA	522	157	679
Pp1s60_65V6.1	352	324	676
Pp1s28_315V6.1	489	180	669
Pp1s252_87V6.1	342	277	619
Pp1s255_55V6.1	323	290	613
Pp1s153_146V6.1	257	334	591
Pp1s287_61V6.2	350	228	578
Pp1s21_407V6.1	336	234	570
Pp1s118_166V6.1	342	224	566
Pp1s16_322V6.1	238	315	553
Pp1s352_4V6.1	235	313	548
Pp1s276_75V6.1	245	300	545
Pp1s131_154V6.1	220	321	541
Pp1s424_33V6.1	385	150	535
Pp1s154_69V6.1	284	248	532
Pp1s256_10V6.1	252	273	525
Pp1s135_79V6.1	269	253	522
Pp1s181_107V6.1	215	297	512
Pp1s89_62V6.1	274	236	510
Pp1s32_1V6.1	304	199	503
Pp1s76_196V6.1	283	206	489
Pp1s15_499V6.1	195	287	482
Pp1s28_304V6.1	294	183	477
sp|Q8MFA2|PSAB_PHYPA	394	78	472
Pp1s3_520V6.1	217	251	468
Pp1s195_41V6.1	196	266	462
Pp1s55_140V6.1	188	270	458
Pp1s258_44V6.2	234	223	457
Pp1s17_59V6.1	195	257	452
Pp1s146_112V6.1	222	228	450
sp|Q8MFA3|PSAA_PHYPA	345	101	446
Pp1s27_97V6.1	241	199	440
sp|Q6YXN8|PSBD_PHYPA	318	116	434
Pp1s214_87V6.1	233	183	416
Pp1s290_40V6.1	161	255	416
Pp1s38_238V6.1	199	217	416
tr|Q6YXN7|Q6YXN7_PHYPA	308	102	410
tr|Q1XGA4|Q1XGA4_PHYPA	246	162	408
Pp1s267_30V6.2	176	231	407
Pp1s41_281V6.1	178	225	403
Pp1s309_84V6.1	185	207	392
Pp1s64_210V6.1	235	145	380
Pp1s41_162V6.1	136	243	379
Pp1s25_66V6.2	184	191	375
Pp1s351_30V6.1	203	172	375
Pp1s74_243V6.1	174	201	375
Pp1s43_80V6.1	186	170	356
Pp1s24_39V6.1	216	139	355
sp|Q6YXQ2|PSAC_PHYPA	192	161	353
Pp1s160_137V6.1	198	153	351
Pp1s21_270V6.1	169	174	343
Pp1s211_59V6.1	171	170	341
Pp1s239_18V6.1	240	92	332
Pp1s18_23V6.1	162	168	330
Pp1s13_200V6.1	168	158	326
Pp1s164_93V6.1	183	143	326
Pp1s182_26V6.1	156	170	326
Pp1s345_25V6.1	222	94	316
Pp1s306_84V6.1	161	152	313
Pp1s32_313V6.1	136	174	310
Pp1s343_26V6.1	171	138	309
Pp1s213_9V6.1	144	160	304
Pp1s264_65V6.1	119	184	303
Pp1s407_2V6.1	123	180	303
Pp1s54_66V6.2	118	183	301
Pp1s5_83V6.2	133	166	299
Pp1s12_231V6.1	131	167	298
Pp1s26_26V6.1	146	151	297
Pp1s348_22V6.1	148	147	295
Pp1s109_241V6.10	117	176	293
Pp1s79_140V6.1	148	143	291
Pp1s201_89V6.1	128	162	290
Pp1s213_80V6.1	195	93	288
Pp1s61_255V6.1	119	166	285
Pp1s68_202V6.1	138	147	285
Pp1s11_357V6.2	126	158	284
Pp1s72_301V6.1	146	130	276
Pp1s20_373V6.1	104	171	275
Pp1s30_255V6.2	129	143	272
Pp1s8_70V6.1	141	127	268
Pp1s123_97V6.1	165	98	263
Pp1s223_16V6.1	104	156	260
Pp1s23_50V6.1	96	162	258
Pp1s343_21V6.1	87	168	255
Pp1s206_11V6.1	102	148	250
Pp1s35_78V6.1	130	120	250
Pp1s143_176V6.1	101	148	249
Pp1s141_8V6.1	137	110	247
Pp1s33_389V6.1	111	132	243
Pp1s131_153V6.1	95	147	242
Pp1s15_292V6.1	101	141	242
Pp1s161_32V6.1	180	62	242
Pp1s201_6V6.1	100	142	242
Pp1s14_358V6.1	175	66	241
Pp1s16_358V6.1	98	142	240
Pp1s51_315V6.1	99	139	238
Pp1s91_92V6.1	99	138	237
Pp1s99_95V6.1	133	101	234
Pp1s1_461V6.1	104	129	233
Pp1s199_145V6.1	108	123	231
Pp1s334_17V6.1	123	105	228
Pp1s241_33V6.1	121	106	227
Pp1s196_10V6.1	106	118	224
Pp1s65_130V6.1	108	115	223
Pp1s161_120V6.1	113	107	220
Pp1s263_36V6.1	84	136	220
Pp1s355_13V6.1	106	114	220
Pp1s10_341V6.1	105	114	219
Pp1s230_36V6.1	102	117	219
Pp1s2_62V6.1	136	81	217
Pp1s27_130V6.1	106	111	217
Pp1s66_184V6.1	97	120	217
Pp1s30_39V6.1	105	108	213
Pp1s12_379V6.1	132	77	209
Pp1s277_10V6.3	103	106	209
Pp1s28_168V6.2	108	101	209
Pp1s119_57V6.1	108	98	206
Pp1s270_57V6.1	126	78	204
Pp1s336_22V6.1	110	93	203
Pp1s72_282V6.1	76	126	202
Pp1s123_144V6.1	73	128	201
Pp1s241_86V6.1	121	80	201
Pp1s97_279V6.1	184	17	201
Pp1s59_188V6.1	175	25	200
Pp1s88_62V6.1	82	117	199
Pp1s234_39V6.1	76	122	198
Pp1s257_45V6.1	82	115	197
Pp1s114_138V6.1	81	115	196
Pp1s237_81V6.1	148	47	195
Pp1s176_89V6.3	88	106	194
Pp1s431_2V6.2	194		194
Pp1s98_132V6.1	71	123	194
Pp1s33_206V6.1	86	107	193
Pp1s369_27V6.1	101	91	192
Pp1s86_156V6.1	88	103	191
Pp1s540_7V6.1	79	111	190
Pp1s161_69V6.1	87	101	188
Pp1s149_154V6.1	61	126	187
Pp1s150_124V6.1	65	122	187
Pp1s3_320V6.1	80	107	187
Pp1s116_53V6.1	70	115	185
Pp1s250_10V6.1	104	80	184
Pp1s94_133V6.1	108	76	184
Pp1s12_40V6.1	65	118	183
Pp1s9_141V6.1	81	102	183
Pp1s330_37V6.1	117	65	182
Pp1s60_106V6.1	74	107	181
Pp1s228_3V6.1	77	103	180
Pp1s42_208V6.1	111	69	180
Pp1s29_256V6.1	75	104	179
Pp1s2_15V6.1	59	118	177
Pp1s114_123V6.2	74	102	176
Pp1s72_197V6.1	110	65	175
Pp1s110_13V6.1	96	78	174
Pp1s348_31V6.1	103	71	174
Pp1s25_21V6.1	105	68	173
Pp1s143_131V6.1	116	55	171
Pp1s10_192V6.1	101	68	169
Pp1s196_68V6.1	79	89	168
Pp1s218_93V6.1	48	119	167
Pp1s405_31V6.1	72	94	166
Pp1s44_268V6.1	53	113	166
Pp1s83_246V6.1	103	63	166
Pp1s422_8V6.1	54	111	165
Pp1s54_167V6.1	100	65	165
Pp1s204_121V6.1	94	70	164
Pp1s58_251V6.1	58	106	164
Pp1s79_167V6.1	73	90	163
Pp1s137_86V6.1	69	93	162
Pp1s91_16V6.1	94	68	162
Pp1s99_201V6.1	62	100	162
sp|Q6YXK2|ATPF_PHYPA	83	79	162
sp|Q6YXL9|PSBE_PHYPA	90	72	162
Pp1s218_28V6.1	61	100	161
Pp1s419_10V6.1	72	89	161
Pp1s78_4V6.1	78	83	161
Pp1s108_171V6.1	81	79	160
Pp1s20_67V6.1	58	102	160
Pp1s143_175V6.1	78	81	159
Pp1s234_46V6.1	91	68	159
Pp1s252_28V6.1	90	68	158
Pp1s347_12V6.1	71	87	158
Pp1s227_133V6.1	79	78	157
Pp1s276_86V6.1	58	99	157
Pp1s157_44V6.1	81	75	156
Pp1s145_122V6.1	104	51	155
Pp1s372_25V6.1	80	75	155
Pp1s1_295V6.1	55	99	154
Pp1s123_61V6.1	124	30	154
Pp1s239_45V6.1	61	93	154
Pp1s270_50V6.1	106	48	154
Pp1s360_13V6.1	60	94	154
Pp1s77_16V6.2	154		154
Pp1s101_184V6.1	64	88	152
Pp1s233_104V6.1	74	78	152
Pp1s66_287V6.1	76	76	152
Pp1s20_130V6.1	61	90	151
Pp1s183_56V6.1	73	77	150
Pp1s227_66V6.1	62	88	150
tr|Q6YXR2|Q6YXR2_PHYPA	78	72	150
Pp1s188_15V6.1	67	82	149
Pp1s26_23V6.1	86	63	149
Pp1s35_94V6.1	74	75	149
Pp1s83_150V6.1	58	91	149
Pp1s317_51V6.1	95	53	148
Pp1s76_97V6.1	67	81	148
Pp1s90_50V6.1	68	80	148
Pp1s37_113V6.1	51	96	147
Pp1s205_25V6.1	85	61	146
Pp1s36_3V6.1	60	86	146
Pp1s382_41V6.1	56	90	146
Pp1s114_157V6.1	64	81	145
Pp1s331_37V6.1	51	94	145
Pp1s37_41V6.1	61	84	145
Pp1s45_76V6.1	98	47	145
Pp1s159_68V6.1	52	92	144
Pp1s204_93V6.1	69	73	142
Pp1s21_137V6.1	72	70	142
Pp1s131_71V6.1	43	95	138
Pp1s171_150V6.1	71	67	138
Pp1s253_16V6.1	64	74	138
Pp1s50_50V6.1	55	83	138
Pp1s273_61V6.1	96	40	136
Pp1s40_304V6.1	48	88	136
Pp1s95_45V6.1	67	69	136
Pp1s111_53V6.2	82	53	135
Pp1s87_131V6.1	61	73	134
Pp1s149_289V6.1	61	72	133
Pp1s450_21V6.1	55	77	132
sp|Q6YXN5|CHLB_PHYPA	68	64	132
Pp1s101_170V6.2	64	67	131
Pp1s155_34V6.1	66	65	131
Pp1s33_172V6.1	56	74	130
Pp1s61_72V6.1	48	82	130
Pp1s140_22V6.1	73	55	128
Pp1s22_79V6.1	66	62	128
Pp1s402_20V6.2	79	49	128
Pp1s66_107V6.1	75	53	128
Pp1s131_104V6.1	66	61	127
Pp1s137_165V6.1	60	67	127
Pp1s19_25V6.1	39	88	127
Pp1s200_69V6.1	60	67	127
Pp1s136_41V6.1	74	52	126
Pp1s85_113V6.1	69	57	126
Pp1s12_371V6.2	39	86	125
Pp1s146_98V6.1	56	69	125
Pp1s319_46V6.1	62	63	125
Pp1s83_99V6.1	69	56	125
Pp1s93_158V6.1	122	3	125
sp|Q6YXP7|NDHH_PHYPA	88	37	125
Pp1s352_68V6.1	54	70	124
Pp1s17_101V6.1	44	79	123
Pp1s79_110V6.1	53	70	123
Pp1s172_24V6.1	85	37	122
Pp1s54_320V6.1	38	84	122
Pp1s126_81V6.1	44	77	121
Pp1s291_43V6.1	64	57	121
Pp1s434_14V6.1	100	21	121
Pp1s12_315V6.1	51	69	120
Pp1s372_60V6.1	47	73	120
Pp1s496_1V6.1	52	68	120
Pp1s14_350V6.1	75	44	119
Pp1s33_7V6.1	48	71	119
Pp1s433_23V6.3	56	63	119
Pp1s81_54V6.1	62	57	119
sp|Q6YXP9|NDHI_PHYPA	63	56	119
Pp1s112_169V6.1	60	58	118
Pp1s162_10V6.1	59	59	118
Pp1s189_99V6.1	60	58	118
Pp1s37_33V6.2	53	65	118
Pp1s104_98V6.1	73	44	117
Pp1s172_23V6.1	62	55	117
Pp1s300_1V6.1	47	69	116
Pp1s628_7V6.1	70	46	116
Pp1s66_172V6.1	105	11	116
Pp1s198_147V6.1	81	34	115
Pp1s20_284V6.1	73	42	115
Pp1s85_19V6.1	43	72	115
Pp1s15_267V6.1	58	56	114
Pp1s198_75V6.1	57	57	114
Pp1s292_64V6.1	76	38	114
Pp1s1_21V6.1	58	55	113
Pp1s22_267V6.1	54	59	113
Pp1s37_35V6.1	90	22	112
Pp1s71_244V6.2	64	48	112
Pp1s1_625V6.1	48	61	109
Pp1s12_401V6.1	34	75	109
Pp1s14_298V6.1	48	60	108
Pp1s146_17V6.1	45	63	108
Pp1s198_154V6.1	106	2	108
Pp1s199_101V6.1	41	67	108
Pp1s63_71V6.1	59	49	108
Pp1s71_187V6.1	48	59	107
Pp1s12_44V6.1	74	32	106
Pp1s132_188V6.2	106		106
Pp1s198_42V6.1	63	43	106
Pp1s336_44V6.1	47	59	106
Pp1s37_298V6.1	55	51	106
Pp1s386_21V6.1	35	71	106
Pp1s190_104V6.1	56	49	105
Pp1s220_79V6.1	104		104
Pp1s61_208V6.1	51	53	104
Pp1s62_157V6.1	46	58	104
Pp1s168_35V6.1	67	36	103
Pp1s23_96V6.1	69	34	103
Pp1s237_59V6.1	42	61	103
Pp1s236_80V6.1	97	5	102
Pp1s70_210V6.1	102	0	102
Pp1s158_109V6.1	55	46	101
Pp1s54_165V6.1	55	46	101
Pp1s106_68V6.1	36	63	99
Pp1s13_392V6.1	70	29	99
Pp1s276_108V6.1	37	62	99
Pp1s44_193V6.1	38	61	99
Pp1s169_50V6.1	39	59	98
Pp1s37_50V6.1	56	42	98
Pp1s156_45V6.1	56	41	97
Pp1s46_69V6.1	51	46	97
Pp1s63_96V6.2	89	8	97
Pp1s152_87V6.1	30	66	96
Pp1s399_19V6.1	96		96
Pp1s59_356V6.1	31	65	96
Pp1s59_73V6.1	53	43	96
Pp1s69_146V6.1	61	35	96
Pp1s139_3V6.1	44	51	95
Pp1s22_322V6.1	94	1	95
Pp1s34_237V6.1	30	65	95
Pp1s129_118V6.1	85	9	94
Pp1s136_198V6.1	37	57	94
Pp1s379_40V6.1	39	55	94
Pp1s479_14V6.1	32	62	94
Pp1s189_19V6.1	56	37	93
Pp1s42_59V6.1	33	60	93
Pp1s43_118V6.1	66	27	93
Pp1s54_216V6.1	46	47	93
Pp1s114_95V6.1	36	56	92
Pp1s198_153V6.2	79	13	92
Pp1s295_46V6.1	38	54	92
Pp1s69_133V6.1	69	23	92
Pp1s2_123V6.1	34	57	91
Pp1s255_17V6.1	75	16	91
Pp1s47_18V6.2	43	48	91
Pp1s5_222V6.1	26	65	91
Pp1s223_50V6.1	52	38	90
Pp1s317_25V6.1	33	57	90
Pp1s160_79V6.1	48	41	89
Pp1s272_32V6.1	36	53	89
Pp1s38_13V6.1	66	23	89
Pp1s45_188V6.1	42	47	89
Pp1s88_182V6.1	44	45	89
Pp1s207_90V6.1	39	49	88
Pp1s251_44V6.1	35	53	88
Pp1s26_209V6.1	57	31	88
Pp1s27_267V6.1	61	27	88
Pp1s244_65V6.2	87		87
Pp1s295_55V6.1	27	60	87
Pp1s48_151V6.1	26	61	87
Pp1s53_212V6.1	28	59	87
Pp1s12_209V6.1	20	66	86
Pp1s13_127V6.2	36	50	86
Pp1s45_164V6.1	39	47	86
Pp1s54_166V6.1	56	30	86
Pp1s66_188V6.1	33	53	86
Pp1s303_24V6.1	51	34	85
Pp1s316_50V6.1	40	45	85
Pp1s45_62V6.1	38	47	85
Pp1s52_248V6.1	30	55	85
Pp1s62_236V6.1	33	52	85
Pp1s115_193V6.1	32	52	84
Pp1s3_514V6.1	37	47	84
Pp1s363_23V6.1	44	40	84
Pp1s9_406V6.1	34	50	84
Pp1s330_9V6.1	36	47	83
Pp1s43_232V6.1	29	54	83
Pp1s68_123V6.1	33	50	83
Pp1s86_22V6.1	76	7	83
Pp1s123_43V6.1	50	32	82
Pp1s140_7V6.1	58	24	82
Pp1s32_312V6.1	37	45	82
Pp1s37_309V6.1	25	57	82
Pp1s38_294V6.1	65	17	82
Pp1s4_215V6.1	33	49	82
Pp1s53_229V6.2	52	30	82
Pp1s69_154V6.1	15	67	82
Pp1s4_321V6.1	40	41	81
Pp1s123_142V6.1	59	21	80
Pp1s15_485V6.1	31	49	80
Pp1s4_490V6.1	45	34	79
Pp1s7_127V6.1	50	29	79
Pp1s34_178V6.1	36	42	78
Pp1s43_48V6.1	31	47	78
Pp1s10_248V6.1	22	55	77
Pp1s134_68V6.1	52	25	77
Pp1s15_393V6.1	34	43	77
Pp1s268_34V6.1	42	35	77
Pp1s347_30V6.1	41	36	77
Pp1s455_2V6.1	31	46	77
Pp1s126_26V6.1	38	38	76
Pp1s181_3V6.1	59	17	76
Pp1s2_217V6.1	65	11	76
Pp1s21_105V6.1	47	29	76
Pp1s230_42V6.1	44	32	76
Pp1s35_234V6.1	49	27	76
Pp1s373_37V6.1	43	33	76
Pp1s75_250V6.2	40	36	76
Pp1s1_230V6.1	26	49	75
Pp1s109_238V6.1	35	40	75
Pp1s136_62V6.1	64	11	75
Pp1s196_76V6.1	33	42	75
Pp1s78_211V6.1	34	41	75
Pp1s78_56V6.1	42	33	75
sp|Q6YXL1|RR8_PHYPA	42	33	75
Pp1s284_7V6.1	28	46	74
Pp1s38_300V6.1	19	55	74
Pp1s43_120V6.1	57	17	74
Pp1s7_458V6.1	34	40	74
Pp1s245_2V6.1	27	46	73
Pp1s91_60V6.1	26	47	73
Pp1s138_83V6.1	42	30	72
Pp1s286_14V6.1	32	40	72
Pp1s30_291V6.1	38	34	72
Pp1s46_326V6.1	33	39	72
Pp1s97_59V6.1	72		72
sp|Q00761|ACCD_PHYPA	50	22	72
Pp1s197_123V6.1	47	24	71
Pp1s37_111V6.2	33	38	71
Pp1s89_87V6.1	45	26	71
Pp1s131_4V6.1	29	41	70
Pp1s156_44V6.1	26	44	70
Pp1s3_572V6.1	27	43	70
Pp1s274_79V6.1	23	46	69
Pp1s293_16V6.1	35	34	69
Pp1s5_369V6.1	24	45	69
Pp1s68_222V6.1	47	22	69
Pp1s75_56V6.1	31	38	69
Pp1s80_60V6.2	33	36	69
Pp1s96_134V6.1	44	25	69
Pp1s10_393V6.1	25	43	68
Pp1s131_184V6.1	37	31	68
Pp1s27_248V6.1	20	48	68
Pp1s283_22V6.1	68		68
Pp1s63_171V6.1	68		68
Pp1s10_252V6.1	36	31	67
Pp1s167_98V6.1	32	35	67
Pp1s332_33V6.1	27	40	67
Pp1s80_119V6.1	29	38	67
Pp1s93_161V6.1	20	47	67
Pp1s101_2V6.1	36	30	66
Pp1s156_111V6.1	36	30	66
Pp1s172_78V6.1	51	15	66
Pp1s134_66V6.1	23	42	65
Pp1s153_72V6.1	27	38	65
Pp1s189_18V6.1	39	26	65
Pp1s429_29V6.1	23	42	65
Pp1s67_179V6.1	54	11	65
Pp1s109_52V6.1	27	37	64
Pp1s19_276V6.1	36	28	64
Pp1s197_146V6.1	27	37	64
Pp1s25_261V6.1	37	27	64
Pp1s26_72V6.1	49	15	64
Pp1s34_442V6.1	64	0	64
Pp1s39_428V6.1	21	43	64
Pp1s42_171V6.1	46	18	64
Pp1s75_41V6.1	20	44	64
Pp1s14_40V6.1	24	39	63
Pp1s372_19V6.1	20	43	63
Pp1s404_28V6.1	22	41	63
Pp1s66_233V6.1	31	32	63
sp|Q6YXQ8|NDHJ_PHYPA	48	15	63
Pp1s11_397V6.1	31	31	62
Pp1s20_291V6.1	61	1	62
Pp1s282_30V6.1	34	28	62
Pp1s3_96V6.2	16	46	62
Pp1s13_438V6.1	24	37	61
Pp1s15_126V6.1	31	30	61
Pp1s215_28V6.1	18	43	61
Pp1s6_56V6.1	31	30	61
Pp1s85_96V6.2	21	40	61
sp|Q6YXL0|RK14_PHYPA	17	44	61
Pp1s173_105V6.1	38	22	60
Pp1s189_34V6.1	35	25	60
Pp1s20_14V6.1	44	16	60
Pp1s223_31V6.1	21	39	60
Pp1s247_7V6.1	49	11	60
Pp1s3_343V6.1	20	40	60
Pp1s72_285V6.1	18	42	60
Pp1s93_26V6.1	39	21	60
Pp1s223_97V6.1	24	35	59
Pp1s269_70V6.1	24	35	59
Pp1s47_214V6.1	29	30	59
Pp1s59_217V6.1	30	29	59
Pp1s73_31V6.1	22	37	59
Pp1s147_10V6.1	58		58
Pp1s185_119V6.1	24	34	58
Pp1s3_177V6.1	22	36	58
Pp1s312_10V6.1	39	19	58
Pp1s120_21V6.1	19	38	57
Pp1s181_117V6.1	20	37	57
Pp1s215_83V6.2	33	24	57
Pp1s241_66V6.1	46	11	57
Pp1s249_62V6.1	45	12	57
Pp1s6_239V6.1	30	27	57
Pp1s91_247V6.1	25	32	57
sp|Q6YXQ7|CHLL_PHYPA	19	38	57
Pp1s146_88V6.1	49	7	56
Pp1s158_108V6.1	27	29	56
Pp1s307_19V6.1	26	30	56
Pp1s378_8V6.1	26	30	56
sp|Q6YXR4|YCF4_PHYPA	42	14	56
Pp1s12_215V6.1	21	34	55
Pp1s12_316V6.1	24	31	55
Pp1s21_393V6.1	19	36	55
Pp1s251_36V6.2	28	27	55
Pp1s269_46V6.1	26	29	55
Pp1s34_308V6.2	55		55
Pp1s75_233V6.1	36	19	55
Pp1s103_66V6.1	27	27	54
Pp1s148_48V6.1	16	38	54
Pp1s15_445V6.1	41	13	54
Pp1s209_94V6.1	45	9	54
Pp1s21_177V6.1	26	28	54
Pp1s30_253V6.1	19	35	54
Pp1s341_38V6.1	27	27	54
Pp1s49_42V6.1	37	17	54
Pp1s5_404V6.1	43	11	54
sp|P61243|YCF2_PHYPA	54		54
Pp1s101_174V6.1	14	39	53
Pp1s21_139V6.1	34	19	53
Pp1s31_128V6.1	18	35	53
Pp1s31_279V6.1	35	18	53
Pp1s326_65V6.1	23	30	53
Pp1s37_67V6.1	19	34	53
Pp1s52_45V6.1	23	30	53
Pp1s130_287V6.1	19	33	52
Pp1s268_67V6.1	17	35	52
Pp1s39_256V6.1	12	40	52
Pp1s460_1V6.1	27	25	52
Pp1s74_255V6.1	21	31	52
Pp1s81_260V6.1	27	25	52
Pp1s100_107V6.1	32	19	51
Pp1s186_83V6.1	30	21	51
Pp1s237_52V6.1	20	31	51
Pp1s281_101V6.1	26	25	51
Pp1s31_50V6.1	30	21	51
Pp1s33_287V6.1	37	14	51
Pp1s475_12V6.1	36	15	51
Pp1s49_191V6.1	16	35	51
Pp1s74_135V6.1	24	27	51
Pp1s77_2V6.1	44	7	51
Pp1s88_187V6.1	24	27	51
Pp1s9_115V6.1	31	20	51
Pp1s91_80V6.1	34	17	51
Pp1s1_532V6.1	31	19	50
Pp1s15_181V6.1	16	34	50
Pp1s197_56V6.2	20	30	50
Pp1s211_10V6.1	39	11	50
Pp1s219_94V6.2	17	33	50
Pp1s25_8V6.1	23	27	50
Pp1s319_36V6.1	34	16	50
Pp1s358_49V6.1	24	26	50
Pp1s11_89V6.1	39	10	49
Pp1s159_2V6.1	29	20	49
Pp1s241_27V6.1	15	34	49
Pp1s26_285V6.2	18	31	49
Pp1s303_55V6.1	22	27	49
Pp1s311_70V6.1	16	33	49
Pp1s445_15V6.1	44	5	49
Pp1s71_244V6.1	18	31	49
Pp1s95_32V6.1	19	30	49
Pp1s1_534V6.1	35	13	48
Pp1s127_105V6.1	23	25	48
Pp1s156_57V6.1	30	18	48
Pp1s17_355V6.1	48		48
Pp1s207_106V6.1	48		48
Pp1s225_24V6.1	27	21	48
Pp1s25_170V6.1	18	30	48
Pp1s291_38V6.1	21	27	48
Pp1s291_44V6.1	26	22	48
Pp1s38_333V6.1	38	10	48
Pp1s4_80V6.1	15	33	48
Pp1s49_55V6.1	48		48
Pp1s9_238V6.1	40	8	48
Pp1s98_142V6.1	18	30	48
sp|Q6YXQ9|NDHK_PHYPA	29	19	48
Pp1s109_90V6.1	34	13	47
Pp1s135_25V6.1	14	33	47
Pp1s15_270V6.1	21	26	47
Pp1s233_40V6.1	16	31	47
Pp1s251_13V6.1	16	31	47
Pp1s28_231V6.1	21	26	47
Pp1s59_328V6.1	29	18	47
Pp1s145_159V6.1	31	15	46
Pp1s188_39V6.1	21	25	46
Pp1s191_98V6.1	35	11	46
Pp1s194_198V6.1	15	31	46
Pp1s217_1V6.1	16	30	46
Pp1s345_40V6.1	18	28	46
Pp1s53_232V6.1	18	28	46
Pp1s7_405V6.1	32	14	46
Pp1s83_144V6.1	46		46
Pp1s106_46V6.1	17	28	45
Pp1s245_58V6.2	33	12	45
Pp1s27_266V6.1	29	16	45
Pp1s284_6V6.1	22	23	45
Pp1s308_11V6.1	45		45
Pp1s39_367V6.1	29	16	45
Pp1s42_193V6.1	19	26	45
Pp1s434_27V6.1	45		45
Pp1s49_243V6.1	25	20	45
Pp1s5_248V6.1	22	23	45
Pp1s93_131V6.1	8	37	45
Pp1s99_59V6.1	14	31	45
Pp1s1_515V6.1	18	26	44
Pp1s114_78V6.1	32	12	44
Pp1s158_40V6.1	44		44
Pp1s17_43V6.1	19	25	44
Pp1s199_127V6.1	23	21	44
Pp1s201_15V6.1	25	19	44
Pp1s237_14V6.1	43	1	44
Pp1s260_24V6.1	19	25	44
Pp1s281_28V6.1	30	14	44
Pp1s299_3V6.1	17	27	44
Pp1s121_53V6.1	36	7	43
Pp1s145_27V6.1	13	30	43
Pp1s163_57V6.1	41	2	43
Pp1s2_195V6.1	22	21	43
Pp1s23_102V6.1	23	20	43
Pp1s25_204V6.1	35	8	43
Pp1s28_126V6.1	15	28	43
Pp1s90_220V6.1	13	30	43
Pp1s116_33V6.1	15	27	42
Pp1s12_121V6.1	38	4	42
Pp1s126_38V6.1	35	7	42
Pp1s170_67V6.1	22	20	42
Pp1s2_442V6.1	42		42
Pp1s281_87V6.1	23	19	42
Pp1s36_137V6.1	13	29	42
Pp1s53_123V6.1	14	28	42
Pp1s545_4V6.1	11	31	42
Pp1s61_113V6.1	39	3	42
Pp1s68_116V6.1	42		42
Pp1s69_13V6.1	24	18	42
Pp1s78_3V6.1	20	22	42
Pp1s81_51V6.1	20	22	42
Pp1s13_40V6.1	41		41
Pp1s145_172V6.1	41		41
Pp1s234_66V6.1	21	20	41
Pp1s24_254V6.1	14	27	41
Pp1s246_119V6.1	41		41
Pp1s378_41V6.1	15	26	41
Pp1s38_196V6.1	41		41
Pp1s402_16V6.1	17	24	41
Pp1s414_8V6.1	20	21	41
Pp1s457_19V6.1	14	27	41
Pp1s75_253V6.1	18	23	41
Pp1s83_117V6.1	14	27	41
Pp1s161_125V6.1	11	29	40
Pp1s162_74V6.1	24	16	40
Pp1s20_273V6.1	17	23	40
Pp1s23_111V6.1	23	17	40
Pp1s51_241V6.1	17	23	40
Pp1s63_52V6.2	17	23	40
Pp1s67_7V6.1	23	17	40
Pp1s77_24V6.1	36	4	40
Pp1s1_629V6.1	11	28	39
Pp1s10_102V6.1	39		39
Pp1s118_219V6.1	16	23	39
Pp1s15_70V6.1	33	6	39
Pp1s192_99V6.1	20	19	39
Pp1s201_41V6.1	39		39
Pp1s206_35V6.1	28	11	39
Pp1s259_76V6.1	21	18	39
Pp1s260_4V6.1	11	28	39
Pp1s307_65V6.1	9	30	39
Pp1s33_144V6.1	10	29	39
Pp1s424_22V6.1	22	17	39
Pp1s56_223V6.1	10	29	39
Pp1s67_100V6.1	9	30	39
Pp1s115_168V6.1	12	26	38
Pp1s129_152V6.1	15	23	38
Pp1s158_129V6.1	15	23	38
Pp1s192_6V6.1	15	23	38
Pp1s2_153V6.1	23	15	38
Pp1s212_85V6.1	20	18	38
Pp1s214_32V6.1	3	35	38
Pp1s241_32V6.1	13	25	38
Pp1s294_50V6.1	16	22	38
Pp1s307_64V6.1	20	18	38
Pp1s33_280V6.1	14	24	38
Pp1s355_33V6.1	22	16	38
Pp1s402_22V6.1	21	17	38
Pp1s402_42V6.2	14	24	38
Pp1s59_11V6.1	13	25	38
Pp1s66_139V6.1	12	26	38
Pp1s7_250V6.1	22	16	38
Pp1s71_364V6.2	18	20	38
Pp1s72_281V6.1	24	14	38
Pp1s79_93V6.1	29	9	38
sp|Q6YXP2|YCF3_PHYPA	6	32	38
Pp1s153_106V6.1	21	16	37
Pp1s2_657V6.1	25	12	37
Pp1s220_84V6.1	11	26	37
Pp1s247_41V6.1	13	24	37
Pp1s3_505V6.2	16	21	37
Pp1s372_16V6.1	20	17	37
Pp1s66_112V6.1	34	3	37
Pp1s13_20V6.1	16	20	36
Pp1s154_79V6.1	13	23	36
Pp1s160_127V6.1	28	8	36
Pp1s169_130V6.1	11	25	36
Pp1s249_94V6.1	13	23	36
Pp1s287_29V6.1	29	7	36
Pp1s347_25V6.1	22	14	36
Pp1s36_31V6.1	20	16	36
Pp1s391_38V6.1	16	20	36
Pp1s414_7V6.1	15	21	36
Pp1s52_210V6.1	22	14	36
Pp1s64_220V6.1	9	27	36
Pp1s85_94V6.1	24	12	36
Pp1s94_94V6.1	17	19	36
Pp1s101_241V6.1	25	10	35
Pp1s106_185V6.1	12	23	35
Pp1s196_99V6.1	17	18	35
Pp1s22_380V6.1	16	19	35
Pp1s244_82V6.1	10	25	35
Pp1s255_4V6.1	35		35
Pp1s277_34V6.1	21	14	35
Pp1s39_223V6.1	16	19	35
Pp1s39_426V6.2	13	22	35
REV_Pp1s54_136V6.1	17	18	35
sp|Q6YXP8|NU1C_PHYPA	26	9	35
Pp1s107_188V6.1	18	16	34
Pp1s12_341V6.1	16	18	34
Pp1s173_16V6.1	33	1	34
Pp1s2_522V6.1	21	13	34
Pp1s214_66V6.2	28	6	34
Pp1s217_30V6.1	34		34
Pp1s240_64V6.1	32	2	34
Pp1s258_19V6.1	21	13	34
Pp1s269_40V6.1	25	9	34
Pp1s272_58V6.1	9	25	34
Pp1s315_42V6.1	17	17	34
Pp1s34_56V6.2	22	12	34
Pp1s4_75V6.1	17	17	34
Pp1s49_285V6.1	16	18	34
Pp1s70_177V6.1	25	9	34
tr|A9RGW9|A9RGW9_PHYPA	23	11	34
Pp1s1_89V6.1	7	26	33
Pp1s119_22V6.1	15	18	33
Pp1s281_9V6.1	21	12	33
Pp1s31_130V6.1	15	18	33
Pp1s370_6V6.1	19	14	33
Pp1s4_362V6.1	17	16	33
Pp1s41_264V6.1	24	9	33
Pp1s5_30V6.1	23	10	33
Pp1s54_206V6.1	3	30	33
Pp1s83_45V6.1	28	5	33
Pp1s88_1V6.1	33		33
sp|Q6YXP4|CHLN_PHYPA	29	4	33
Pp1s1_765V6.1	20	12	32
Pp1s133_105V6.1	13	19	32
Pp1s161_111V6.1	28	4	32
Pp1s190_86V6.1	13	19	32
Pp1s205_59V6.1	17	15	32
Pp1s25_336V6.1	22	10	32
Pp1s275_19V6.1	18	14	32
Pp1s33_209V6.1	32		32
Pp1s49_260V6.1	32		32
Pp1s523_20V6.1	9	23	32
Pp1s60_169V6.1	10	22	32
Pp1s77_317V6.1	14	18	32
Pp1s79_105V6.1	20	12	32
REV_Pp1s279_18V6.1	20	12	32
tr|A9T3D3|A9T3D3_PHYPA	32		32
Pp1s125_77V6.1	14	17	31
Pp1s15_197V6.1	30	1	31
Pp1s15_26V6.1	16	15	31
Pp1s16_378V6.1	14	17	31
Pp1s180_124V6.1	29	2	31
Pp1s246_110V6.1	25	6	31
Pp1s291_35V6.1	31		31
Pp1s319_35V6.1	16	15	31
Pp1s33_47V6.1	21	10	31
Pp1s335_17V6.1	24	7	31
Pp1s339_66V6.1	20	11	31
Pp1s369_6V6.1	4	27	31
Pp1s41_267V6.1	15	16	31
Pp1s422_7V6.2	20	11	31
Pp1s553_2V6.1	15	16	31
Pp1s70_257V6.1	16	15	31
Pp1s72_262V6.1	11	20	31
Pp1s76_199V6.1	16	15	31
Pp1s80_151V6.1	19	12	31
Pp1s84_136V6.1	15	16	31
Pp1s13_142V6.1	14	16	30
Pp1s137_144V6.1	8	22	30
Pp1s137_194V6.1	29	1	30
Pp1s144_58V6.1	14	16	30
Pp1s16_27V6.1	17	13	30
Pp1s161_14V6.1	14	16	30
Pp1s182_1V6.1	18	12	30
Pp1s185_81V6.1	26	4	30
Pp1s196_120V6.1	21	9	30
Pp1s3_353V6.1	7	23	30
Pp1s32_278V6.1	12	18	30
Pp1s55_275V6.1	10	20	30
Pp1s77_324V6.1	8	22	30
Pp1s84_273V6.1	13	17	30
sp|Q6YXM7|CLPP_PHYPA	8	22	30
Pp1s130_5V6.1	10	19	29
Pp1s137_78V6.1	14	15	29
Pp1s170_89V6.1	29		29
Pp1s191_87V6.1	13	16	29
Pp1s210_69V6.1	16	13	29
Pp1s215_51V6.1	29		29
Pp1s27_256V6.1	13	16	29
Pp1s303_50V6.1	15	14	29
Pp1s51_117V6.1	29		29
Pp1s64_202V6.1	14	15	29
Pp1s70_182V6.1	18	11	29
Pp1s70_212V6.1	20	9	29
Pp1s79_92V6.1	17	12	29
Pp1s85_170V6.1	29		29
REV_Pp1s725_2V6.1	14	15	29
Pp1s17_382V6.1	16	12	28
Pp1s175_129V6.1	7	21	28
Pp1s191_74V6.1	19	9	28
Pp1s195_100V6.1	28		28
Pp1s222_129V6.1	17	11	28
Pp1s301_31V6.1	10	18	28
Pp1s312_21V6.1	9	19	28
Pp1s317_49V6.1	12	16	28
Pp1s341_42V6.1	10	18	28
Pp1s378_9V6.1	15	13	28
Pp1s38_211V6.1	18	10	28
Pp1s39_315V6.1	19	9	28
Pp1s450_16V6.1	22	6	28
Pp1s98_136V6.1	16	12	28
Pp1s10_203V6.1	27		27
Pp1s100_192V6.1	27		27
Pp1s120_127V6.1	7	20	27
Pp1s122_165V6.1	19	8	27
Pp1s15_317V6.1	14	13	27
Pp1s15_434V6.1	20	7	27
Pp1s198_161V6.1	8	19	27
Pp1s215_63V6.1	19	8	27
Pp1s22_258V6.1	15	12	27
Pp1s226_114V6.1	15	12	27
Pp1s229_35V6.1	10	17	27
Pp1s230_32V6.1	14	13	27
Pp1s26_83V6.1	8	19	27
Pp1s276_96V6.1	27		27
Pp1s33_110V6.1	27		27
Pp1s359_40V6.1	8	19	27
Pp1s38_256V6.1	8	19	27
Pp1s38_401V6.1	14	13	27
Pp1s380_25V6.1	20	7	27
Pp1s59_148V6.1	17	10	27
Pp1s66_47V6.1	9	18	27
Pp1s1_636V6.1	6	20	26
Pp1s13_231V6.1	15	11	26
Pp1s13_238V6.1	16	10	26
Pp1s13_430V6.1	14	12	26
Pp1s160_155V6.1	17	9	26
Pp1s169_113V6.1	10	16	26
Pp1s198_22V6.1	9	17	26
Pp1s224_46V6.1	8	18	26
Pp1s25_110V6.1	8	18	26
Pp1s30_262V6.1	9	17	26
Pp1s339_13V6.1	9	17	26
Pp1s342_34V6.1	15	11	26
Pp1s39_247V6.1	8	18	26
Pp1s396_19V6.1	15	11	26
Pp1s450_17V6.1	16	10	26
Pp1s53_211V6.1	15	11	26
Pp1s54_12V6.1	19	7	26
Pp1s90_139V6.2	17	9	26
sp|Q6YXL8|PSBF_PHYPA	7	19	26
Pp1s10_194V6.1	7	18	25
Pp1s101_208V6.1	25		25
Pp1s117_2V6.1	25		25
Pp1s13_123V6.1	13	12	25
Pp1s132_186V6.1	12	13	25
Pp1s159_111V6.1	23	2	25
Pp1s241_34V6.1	11	14	25
Pp1s309_73V6.1	12	13	25
Pp1s31_187V6.1	11	14	25
Pp1s333_15V6.1	9	16	25
Pp1s338_65V6.1	8	17	25
Pp1s347_23V6.1	8	17	25
Pp1s390_3V6.2	7	18	25
Pp1s44_176V6.1	16	9	25
Pp1s52_50V6.1	6	19	25
Pp1s79_61V6.1	15	10	25
Pp1s84_178V6.1	19	6	25
tr|A9U4Z5|A9U4Z5_PHYPA	9	16	25
Pp1s1_789V6.1	21	3	24
Pp1s10_201V6.1	24		24
Pp1s125_47V6.1	13	11	24
Pp1s13_116V6.1	12	12	24
Pp1s130_191V6.1	23	1	24
Pp1s147_63V6.1	16	8	24
Pp1s15_232V6.1	8	16	24
Pp1s150_85V6.1	12	12	24
Pp1s159_143V6.1	5	19	24
Pp1s17_363V6.1	19	5	24
Pp1s197_46V6.1	11	13	24
Pp1s229_36V6.1	12	12	24
Pp1s241_54V6.1	10	14	24
Pp1s33_311V6.1	5	19	24
Pp1s340_26V6.1	10	14	24
Pp1s383_1V6.1	24		24
Pp1s4_13V6.1	6	18	24
Pp1s475_2V6.1	23	1	24
Pp1s51_261V6.1	13	11	24
Pp1s517_11V6.2	9	15	24
Pp1s58_143V6.1	24		24
Pp1s65_267V6.1	8	16	24
Pp1s68_75V6.1	10	14	24
Pp1s8_116V6.1	19	5	24
Pp1s8_140V6.1	8	16	24
Pp1s93_184V6.1	12	12	24
Pp1s125_61V6.1	13	10	23
Pp1s167_52V6.2	20	3	23
Pp1s194_17V6.1	18	5	23
Pp1s201_84V6.1	8	15	23
Pp1s253_37V6.1	23		23
Pp1s273_60V6.1	7	16	23
Pp1s28_268V6.1	9	14	23
Pp1s31_182V6.1	20	3	23
Pp1s317_45V6.1	11	12	23
Pp1s367_8V6.1	11	12	23
Pp1s382_17V6.1	14	9	23
Pp1s386_29V6.1	15	8	23
Pp1s39_120V6.1	17	6	23
Pp1s403_11V6.1	19	4	23
Pp1s43_32V6.1	8	15	23
Pp1s536_10V6.1	13	10	23
Pp1s54_32V6.1	20	3	23
Pp1s6_11V6.1	21	2	23
Pp1s6_208V6.1	22	1	23
Pp1s61_124V6.1	10	13	23
Pp1s7_15V6.1	8	15	23
Pp1s79_157V6.1	23		23
Pp1s81_230V6.1	10	13	23
Pp1s91_24V6.1	5	18	23
Pp1s99_109V6.1	17	6	23
Pp1s101_240V6.1	10	12	22
Pp1s118_101V6.1	9	13	22
Pp1s160_136V6.1	8	14	22
Pp1s192_62V6.1	7	15	22
Pp1s236_34V6.1	9	13	22
Pp1s30_179V6.1	10	12	22
Pp1s368_36V6.1	8	14	22
Pp1s461_15V6.1	22		22
Pp1s52_214V6.1	15	7	22
Pp1s54_291V6.1	8	14	22
Pp1s54_77V6.1	10	12	22
Pp1s61_267V6.1	9	13	22
Pp1s63_95V6.2	12	10	22
Pp1s8_282V6.1	12	10	22
Pp1s94_157V6.1	8	14	22
Pp1s10_47V6.1	12	9	21
Pp1s135_34V6.1	21		21
Pp1s179_68V6.1	21		21
Pp1s2_788V6.1	17	4	21
Pp1s229_29V6.1	11	10	21
Pp1s246_57V6.1	18	3	21
Pp1s259_23V6.1	8	13	21
Pp1s271_98V6.1	21		21
Pp1s283_72V6.1	21		21
Pp1s302_11V6.1	9	12	21
Pp1s309_83V6.1	16	5	21
Pp1s38_289V6.1	16	5	21
Pp1s39_82V6.1	21		21
Pp1s398_15V6.1	8	13	21
Pp1s45_212V6.1	8	13	21
Pp1s450_1V6.1	4	17	21
Pp1s46_147V6.1	21		21
Pp1s56_26V6.1	16	5	21
Pp1s7_56V6.2	7	14	21
Pp1s72_288V6.1	15	6	21
Pp1s74_253V6.1	14	7	21
sp|Q6YXK8|RR3_PHYPA	15	6	21
Pp1s102_181V6.1	4	16	20
Pp1s110_47V6.1	18	2	20
Pp1s13_21V6.1	3	17	20
Pp1s131_6V6.1	10	10	20
Pp1s15_390V6.1	20		20
Pp1s156_109V6.1	14	6	20
Pp1s160_96V6.1	20		20
Pp1s189_77V6.2	6	14	20
Pp1s210_105V6.1	9	11	20
Pp1s212_78V6.1	15	5	20
Pp1s215_36V6.1	20		20
Pp1s217_29V6.1	7	13	20
Pp1s242_42V6.1	6	14	20
Pp1s262_91V6.1	20		20
Pp1s281_7V6.1	20		20
Pp1s340_20V6.1	7	13	20
Pp1s355_65V6.1	16	4	20
Pp1s40_15V6.1	6	14	20
Pp1s475_26V6.1	11	9	20
Pp1s5_195V6.1	11	9	20
Pp1s61_279V6.1	20		20
Pp1s75_252V6.1	8	12	20
Pp1s80_23V6.1	12	8	20
Pp1s86_206V6.1	11	9	20
Pp1s89_220V6.1	9	11	20
Pp1s104_88V6.1	8	11	19
Pp1s130_227V6.1	13	6	19
Pp1s14_179V6.2	11	8	19
Pp1s195_11V6.1	18	1	19
Pp1s21_61V6.1	8	11	19
Pp1s212_34V6.1	14	5	19
Pp1s258_80V6.1	8	11	19
Pp1s270_28V6.1	4	15	19
Pp1s31_253V6.1	10	9	19
Pp1s32_198V6.1	8	11	19
Pp1s392_46V6.1	4	15	19
Pp1s429_7V6.1	7	12	19
Pp1s6_146V6.1	7	12	19
Pp1s74_140V6.1	19		19
Pp1s91_243V6.1	19		19
Pp1s93_165V6.1	11	8	19
REV_Pp1s199_73V6.1	12	7	19
Pp1s14_433V6.1	18		18
Pp1s144_8V6.1	18		18
Pp1s15_328V6.1	18		18
Pp1s169_133V6.1	7	11	18
Pp1s17_86V6.1	10	8	18
Pp1s173_129V6.1	18		18
Pp1s22_276V6.1	15	3	18
Pp1s268_77V6.1	14	4	18
Pp1s31_225V6.1	18		18
Pp1s354_37V6.1	6	12	18
Pp1s359_29V6.1	3	15	18
Pp1s44_263V6.1	12	6	18
Pp1s49_242V6.1	18		18
Pp1s534_6V6.1	15	3	18
Pp1s67_59V6.1	8	10	18
Pp1s83_69V6.1	18		18
Pp1s100_117V6.1	14	3	17
Pp1s101_8V6.1	17		17
Pp1s108_25V6.1	17		17
Pp1s115_101V6.1	17		17
Pp1s130_293V6.1	6	11	17
Pp1s137_140V6.1	7	10	17
Pp1s138_81V6.1	17		17
Pp1s152_82V6.1	17		17
Pp1s153_103V6.1	14	3	17
Pp1s165_30V6.1	13	4	17
Pp1s165_39V6.1	17		17
Pp1s174_60V6.1	7	10	17
Pp1s183_17V6.1	17		17
Pp1s191_1V6.1	15	2	17
Pp1s191_76V6.1	8	9	17
Pp1s199_129V6.1	10	7	17
Pp1s20_66V6.1	14	3	17
Pp1s212_59V6.1	6	11	17
Pp1s212_61V6.1	9	8	17
Pp1s22_320V6.1	3	14	17
Pp1s22_94V6.1	17		17
Pp1s252_67V6.1	17		17
Pp1s28_391V6.1	15	2	17
Pp1s280_13V6.1	3	14	17
Pp1s281_110V6.1	9	8	17
Pp1s30_195V6.1	3	14	17
Pp1s34_83V6.1	5	12	17
Pp1s36_299V6.1	6	11	17
Pp1s36_358V6.1	7	10	17
Pp1s545_14V6.1	12	5	17
Pp1s64_7V6.1	9	8	17
Pp1s66_138V6.1	15	2	17
Pp1s7_222V6.2	7	10	17
Pp1s87_117V6.1	6	11	17
Pp1s93_67V6.1	3	14	17
sp|Q6YXP3|RR4_PHYPA	16	1	17
Pp1s100_191V6.1	8	8	16
Pp1s103_80V6.1	7	9	16
Pp1s115_12V6.1	6	10	16
Pp1s125_16V6.1	14	2	16
Pp1s139_98V6.1	11	5	16
Pp1s150_45V6.1	8	8	16
Pp1s164_16V6.2	16		16
Pp1s181_106V6.2	13	3	16
Pp1s2_377V6.1	6	10	16
Pp1s201_115V6.1	7	9	16
Pp1s223_127V6.1	15	1	16
Pp1s23_273V6.1	7	9	16
Pp1s235_87V6.1	16		16
Pp1s250_25V6.1	11	5	16
Pp1s276_97V6.1	8	8	16
Pp1s28_238V6.1	16		16
Pp1s31_110V6.1	12	4	16
Pp1s32_334V6.1	6	10	16
Pp1s352_50V6.1	16		16
Pp1s356_44V6.1	15	1	16
Pp1s37_63V6.1	14	2	16
Pp1s38_177V6.1	16		16
Pp1s389_5V6.1	5	11	16
Pp1s49_210V6.1	13	3	16
Pp1s50_49V6.1	16		16
Pp1s54_189V6.1	3	13	16
Pp1s74_26V6.1	3	13	16
Pp1s76_105V6.1	9	7	16
Pp1s79_8V6.2	11	5	16
Pp1s93_12V6.1	8	8	16
sp|Q6YXL2|IF1C_PHYPA	6	10	16
Pp1s101_82V6.1	15		15
Pp1s107_1V6.1	4	11	15
Pp1s11_3V6.1	5	10	15
Pp1s114_66V6.1	9	6	15
Pp1s126_186V6.1	2	13	15
Pp1s132_52V6.1	14	1	15
Pp1s14_180V6.1	6	9	15
Pp1s15_311V6.1	15		15
Pp1s15_447V6.1	15		15
Pp1s156_88V6.1	9	6	15
Pp1s197_92V6.1	15		15
Pp1s21_140V6.1	8	7	15
Pp1s210_98V6.1	9	6	15
Pp1s243_26V6.1	7	8	15
Pp1s26_173V6.1	15		15
Pp1s260_17V6.1	7	8	15
Pp1s28_172V6.1	15		15
Pp1s32_201V6.1	11	4	15
Pp1s324_48V6.1	13	2	15
Pp1s35_261V6.1	13	2	15
Pp1s365_36V6.1	5	10	15
Pp1s43_137V6.1	15		15
Pp1s44_58V6.1	15		15
Pp1s50_92V6.1	4	11	15
Pp1s62_200V6.1	13	2	15
Pp1s65_271V6.1	15		15
Pp1s69_29V6.1	8	7	15
Pp1s76_48V6.1	15		15
Pp1s81_135V6.1	5	10	15
Pp1s84_6V6.1	5	10	15
Pp1s9_38V6.1	11	4	15
Pp1s10_57V6.1	5	9	14
Pp1s104_128V6.1	14		14
Pp1s106_167V6.1	14		14
Pp1s108_26V6.1	7	7	14
Pp1s12_85V6.1	3	11	14
Pp1s13_171V6.1	14		14
Pp1s13_387V6.1	8	6	14
Pp1s133_65V6.1	9	5	14
Pp1s137_81V6.1	5	9	14
Pp1s143_167V6.1	6	8	14
Pp1s154_6V6.1	10	4	14
Pp1s16_179V6.1	8	6	14
Pp1s162_162V6.1	12	2	14
Pp1s162_64V6.1	6	8	14
Pp1s171_148V6.1	14		14
Pp1s172_22V6.1	14		14
Pp1s183_47V6.1	6	8	14
Pp1s19_202V6.1	9	5	14
Pp1s199_33V6.1	5	9	14
Pp1s2_275V6.1	9	5	14
Pp1s207_101V6.1	4	10	14
Pp1s223_15V6.1	6	8	14
Pp1s227_85V6.1	14		14
Pp1s242_95V6.1	3	11	14
Pp1s268_3V6.1	7	7	14
Pp1s275_36V6.1	6	8	14
Pp1s28_354V6.1	14		14
Pp1s318_21V6.1	10	4	14
Pp1s409_34V6.1	13	1	14
Pp1s5_345V6.1	14		14
Pp1s535_3V6.1	14		14
Pp1s78_205V6.1	13	1	14
Pp1s82_6V6.1	14		14
Pp1s83_80V6.1	14		14
Pp1s9_113V6.1	10	4	14
Pp1s9_334V6.1	14		14
Pp1s97_12V6.1	7	7	14
REV_Pp1s122_66V6.2	4	10	14
tr|A9RCH7|A9RCH7_PHYPA	7	7	14
Pp1s100_87V6.1	4	9	13
Pp1s107_10V6.1		13	13
Pp1s11_243V6.1	13		13
Pp1s11_275V6.1	8	5	13
Pp1s111_8V6.1	8	5	13
Pp1s127_74V6.1	13		13
Pp1s13_410V6.1	13		13
Pp1s13_462V6.1	5	8	13
Pp1s138_36V6.1	13		13
Pp1s2_734V6.1	13		13
Pp1s206_126V6.1	13		13
Pp1s21_13V6.1	8	5	13
Pp1s213_121V6.1	9	4	13
Pp1s213_48V6.1	4	9	13
Pp1s218_19V6.1	13		13
Pp1s252_2V6.1	13		13
Pp1s279_72V6.1	7	6	13
Pp1s3_467V6.1	9	4	13
Pp1s31_124V6.1	5	8	13
Pp1s336_16V6.1	4	9	13
Pp1s346_35V6.1	11	2	13
Pp1s354_15V6.1	6	7	13
Pp1s359_26V6.1	9	4	13
Pp1s367_9V6.1	7	6	13
Pp1s37_53V6.1	13		13
Pp1s4_235V6.1	5	8	13
Pp1s465_18V6.1	3	10	13
Pp1s47_171V6.1	6	7	13
Pp1s47_183V6.1	3	10	13
Pp1s486_10V6.1	4	9	13
Pp1s59_293V6.1	13		13
Pp1s71_207V6.1	13		13
Pp1s73_243V6.1	4	9	13
Pp1s74_237V6.1	11	2	13
Pp1s8_196V6.1	13		13
Pp1s84_186V6.1	13		13
sp|Q6YXK0|ATPI_PHYPA	13	0	13
Pp1s106_16V6.1	2	10	12
Pp1s117_154V6.1	12		12
Pp1s12_74V6.1	12		12
Pp1s123_136V6.2	12		12
Pp1s134_54V6.1	5	7	12
Pp1s14_2V6.1	12		12
Pp1s143_174V6.1	7	5	12
Pp1s144_138V6.1	12		12
Pp1s156_171V6.1	7	5	12
Pp1s158_12V6.1	12		12
Pp1s163_26V6.1	3	9	12
Pp1s173_103V6.1	1	11	12
Pp1s190_8V6.1	5	7	12
Pp1s2_392V6.1	4	8	12
Pp1s20_358V6.1	7	5	12
Pp1s200_12V6.1	12		12
Pp1s207_10V6.2	6	6	12
Pp1s208_169V6.1	9	3	12
Pp1s22_325V6.1	8	4	12
Pp1s235_42V6.1	9	3	12
Pp1s239_32V6.1	12		12
Pp1s246_109V6.1	8	4	12
Pp1s27_81V6.1	12		12
Pp1s29_38V6.1		12	12
Pp1s30_182V6.1	5	7	12
Pp1s334_84V6.1	12		12
Pp1s341_58V6.1	12		12
Pp1s343_45V6.1	4	8	12
Pp1s36_321V6.1	5	7	12
Pp1s38_176V6.1	12		12
Pp1s40_14V6.1	7	5	12
Pp1s414_18V6.1	9	3	12
Pp1s42_262V6.1	2	10	12
Pp1s43_49V6.1	5	7	12
Pp1s49_200V6.1	12		12
Pp1s5_366V6.1	12		12
Pp1s54_79V6.1	4	8	12
Pp1s540_8V6.1	10	2	12
Pp1s55_98V6.1	10	2	12
Pp1s62_161V6.1	6	6	12
Pp1s63_61V6.1	4	8	12
Pp1s74_70V6.1	12		12
Pp1s9_103V6.1	7	5	12
Pp1s120_79V6.1	2	9	11
Pp1s130_82V6.1	10	1	11
Pp1s132_26V6.1	9	2	11
Pp1s15_356V6.1	11		11
Pp1s155_1V6.1	2	9	11
Pp1s16_82V6.1	5	6	11
Pp1s162_11V6.1		11	11
Pp1s169_65V6.1	7	4	11
Pp1s17_39V6.1	3	8	11
Pp1s178_66V6.1	9	2	11
Pp1s186_45V6.1	9	2	11
Pp1s191_118V6.1	8	3	11
Pp1s197_93V6.1	4	7	11
Pp1s213_47V6.1	9	2	11
Pp1s214_34V6.1	11		11
Pp1s222_97V6.1	8	3	11
Pp1s223_59V6.1	6	5	11
Pp1s227_122V6.1	11		11
Pp1s230_50V6.1	11		11
Pp1s233_94V6.1	11		11
Pp1s259_112V6.1	11		11
Pp1s26_117V6.1	6	5	11
Pp1s27_140V6.1	4	7	11
Pp1s332_37V6.1	8	3	11
Pp1s333_30V6.1	11		11
Pp1s336_47V6.1	3	8	11
Pp1s34_150V6.1	1	10	11
Pp1s37_247V6.1	11		11
Pp1s38_198V6.1	4	7	11
Pp1s48_51V6.1	11		11
Pp1s51_217V6.1	2	9	11
Pp1s52_257V6.1	5	6	11
Pp1s55_261V6.1	8	3	11
Pp1s59_122V6.1	11		11
Pp1s6_129V6.1	11		11
Pp1s67_237V6.1	11		11
Pp1s68_9V6.1	5	6	11
Pp1s74_226V6.1	4	7	11
Pp1s82_98V6.1	3	8	11
Pp1s83_6V6.1	4	7	11
Pp1s86_24V6.1	11		11
Pp1s9_92V6.1	4	7	11
Pp1s94_106V6.1	6	5	11
Pp1s98_2V6.1	10	1	11
sp|Q6YXJ8|RR11_PHYPA	9	2	11
sp|Q6YXK5|RK23_PHYPA	9	2	11
tr|A9SZI7|A9SZI7_PHYPA	7	4	11
tr|A9TWI6|A9TWI6_PHYPA	10	1	11
Pp1s100_61V6.1	3	7	10
Pp1s101_225V6.1	10		10
Pp1s11_305V6.1	3	7	10
Pp1s118_165V6.1	5	5	10
Pp1s121_54V6.1	9	1	10
Pp1s133_102V6.1	7	3	10
Pp1s136_120V6.1	3	7	10
Pp1s137_96V6.1	10		10
Pp1s147_151V6.1		10	10
Pp1s149_6V6.1	8	2	10
Pp1s15_29V6.1	10		10
Pp1s152_173V6.1	6	4	10
Pp1s153_184V6.2	10		10
Pp1s161_16V6.1	3	7	10
Pp1s173_123V6.1	3	7	10
Pp1s199_8V6.1	10		10
Pp1s207_94V6.1	10		10
Pp1s22_251V6.1	10		10
Pp1s221_85V6.1	10		10
Pp1s242_93V6.2	4	6	10
Pp1s266_19V6.1	3	7	10
Pp1s272_34V6.1	6	4	10
Pp1s286_50V6.1	10		10
Pp1s298_4V6.1	10		10
Pp1s309_65V6.1	10		10
Pp1s31_202V6.1	10		10
Pp1s323_82V6.3	10		10
Pp1s326_66V6.1	2	8	10
Pp1s35_384V6.1	10		10
Pp1s351_21V6.1	10		10
Pp1s36_33V6.1	2	8	10
Pp1s364_3V6.1	10		10
Pp1s399_34V6.1	6	4	10
Pp1s40_10V6.1	3	7	10
Pp1s400_36V6.1	10		10
Pp1s415_6V6.1	9	1	10
Pp1s419_39V6.1	10		10
Pp1s42_100V6.1	10		10
Pp1s44_124V6.1	10		10
Pp1s447_19V6.1	2	8	10
Pp1s45_96V6.1	8	2	10
Pp1s47_217V6.1	4	6	10
Pp1s527_3V6.1	10		10
Pp1s54_52V6.1	8	2	10
Pp1s545_8V6.1	10		10
Pp1s56_222V6.1	2	8	10
Pp1s59_249V6.1	10		10
Pp1s61_55V6.1	7	3	10
Pp1s651_2V6.1	10		10
Pp1s7_343V6.1	3	7	10
Pp1s75_5V6.1	3	7	10
Pp1s89_183V6.1	10		10
Pp1s96_216V6.1	10		10
REV_Pp1s147_106V6.1	8	2	10
sp|P60283|RPOB_PHYPA	10		10
sp|Q6YXQ5|RK21_PHYPA	7	3	10
tr|A9RJG0|A9RJG0_PHYPA	6	4	10
tr|Q1XGA2|Q1XGA2_PHYPA	7	3	10
Pp1s1_207V6.1	8	1	9
Pp1s10_190V6.1	9		9
Pp1s106_212V6.1	3	6	9
Pp1s11_225V6.1	6	3	9
Pp1s11_340V6.1	8	1	9
Pp1s117_86V6.1	5	4	9
Pp1s118_113V6.1	6	3	9
Pp1s118_39V6.1	9		9
Pp1s134_167V6.1	9		9
Pp1s137_134V6.1	8	1	9
Pp1s139_105V6.1	9		9
Pp1s14_134V6.1	8	1	9
Pp1s14_169V6.1	3	6	9
Pp1s142_106V6.1	5	4	9
Pp1s144_137V6.1	5	4	9
Pp1s144_93V6.1	7	2	9
Pp1s15_226V6.1	9		9
Pp1s152_156V6.1	4	5	9
Pp1s154_131V6.1	9		9
Pp1s156_153V6.1	8	1	9
Pp1s163_113V6.1	3	6	9
Pp1s169_68V6.1	6	3	9
Pp1s21_269V6.1	9		9
Pp1s217_70V6.1	4	5	9
Pp1s22_263V6.1	9		9
Pp1s22_4V6.1	9		9
Pp1s223_56V6.1	9		9
Pp1s23_44V6.1	3	6	9
Pp1s241_24V6.1	5	4	9
Pp1s260_6V6.1	1	8	9
Pp1s263_35V6.1	8	1	9
Pp1s311_58V6.1	9		9
Pp1s314_34V6.1	9		9
Pp1s33_338V6.1	3	6	9
Pp1s336_61V6.1	9		9
Pp1s343_50V6.1	1	8	9
Pp1s352_14V6.1	4	5	9
Pp1s355_46V6.1	9		9
Pp1s37_111V6.1	6	3	9
Pp1s370_69V6.1	2	7	9
Pp1s391_32V6.1	7	2	9
Pp1s403_21V6.1	3	6	9
Pp1s441_13V6.1	1	8	9
Pp1s49_246V6.1	4	5	9
Pp1s54_161V6.1	4	5	9
Pp1s55_196V6.1	1	8	9
Pp1s59_242V6.1	8	1	9
Pp1s61_1V6.1	9		9
Pp1s619_3V6.1		9	9
Pp1s65_80V6.1	9		9
Pp1s67_154V6.1	7	2	9
Pp1s67_238V6.1	9		9
Pp1s8_168V6.1	3	6	9
Pp1s81_134V6.1	6	3	9
Pp1s86_186V6.1	9		9
Pp1s89_131V6.1	8	1	9
Pp1s93_136V6.1	9		9
Pp1s97_112V6.1	9		9
REV_Pp1s108_5V6.1	5	4	9
REV_Pp1s276_79V6.1	8	1	9
REV_Pp1s386_26V6.1	7	2	9
REV_tr|A9TEM5|A9TEM5_PHYPA	9		9
sp|P60407|RK2_PHYPA	9		9
sp|Q6YXK7|RK22_PHYPA	6	3	9
sp|Q6YXM4|RR18_PHYPA	6	3	9
sp|Q6YXP6|RR15_PHYPA	7	2	9
sp|Q6YXQ0|NU6C_PHYPA	6	3	9
Pp1s11_288V6.1	4	4	8
Pp1s110_16V6.1	6	2	8
Pp1s113_159V6.1	8		8
Pp1s113_38V6.1	1	7	8
Pp1s114_48V6.1	8		8
Pp1s116_112V6.1	7	1	8
Pp1s119_14V6.1	7	1	8
Pp1s119_49V6.1	4	4	8
Pp1s12_128V6.1		8	8
Pp1s13_7V6.1	3	5	8
Pp1s134_89V6.1	3	5	8
Pp1s135_33V6.1	8		8
Pp1s138_75V6.1	2	6	8
Pp1s14_36V6.1		8	8
Pp1s146_99V6.1	3	5	8
Pp1s15_183V6.1	8		8
Pp1s158_146V6.1	5	3	8
Pp1s158_18V6.1	8		8
Pp1s167_20V6.1	8		8
Pp1s17_286V6.1	8		8
Pp1s17_377V6.1	8		8
Pp1s18_50V6.1	3	5	8
Pp1s186_65V6.1	5	3	8
Pp1s203_56V6.1	8		8
Pp1s203_65V6.1	4	4	8
Pp1s211_107V6.1	3	5	8
Pp1s215_88V6.1	2	6	8
Pp1s226_50V6.1	5	3	8
Pp1s241_55V6.1	5	3	8
Pp1s243_89V6.1	3	5	8
Pp1s25_63V6.1		8	8
Pp1s3_367V6.1	8		8
Pp1s3_553V6.1	8		8
Pp1s32_160V6.1	5	3	8
Pp1s323_86V6.1	2	6	8
Pp1s339_37V6.1	8		8
Pp1s355_39V6.1	8		8
Pp1s367_2V6.1	8		8
Pp1s372_14V6.1	8	0	8
Pp1s376_53V6.1	8		8
Pp1s38_376V6.1	8		8
Pp1s421_8V6.1	8		8
Pp1s43_124V6.1	5	3	8
Pp1s45_11V6.1	8		8
Pp1s464_17V6.1	7	1	8
Pp1s5_200V6.1	7	1	8
Pp1s54_135V6.1		8	8
Pp1s56_113V6.1	4	4	8
Pp1s57_133V6.1	8		8
Pp1s58_244V6.1	8		8
Pp1s59_311V6.1	8		8
Pp1s61_97V6.1	8		8
Pp1s68_238V6.1	2	6	8
Pp1s7_389V6.1	8		8
Pp1s73_90V6.1	8		8
Pp1s77_67V6.1	2	6	8
Pp1s78_18V6.1	8		8
Pp1s9_355V6.1	8		8
Pp1s9_379V6.1	1	7	8
Pp1s9_39V6.1	4	4	8
Pp1s98_233V6.1	3	5	8
Pp1s98_65V6.1	8		8
REV_Pp1s14_211V6.1	4	4	8
REV_Pp1s2_650V6.1	8		8
sp|Q6YXQ6|NU5C_PHYPA	8	0	8
sp|Q6YXS0|RR7_PHYPA	8		8
tr|Q1XGA5|Q1XGA5_PHYPA	8		8
Pp1s10_183V6.1	7		7
Pp1s101_215V6.1	6	1	7
Pp1s109_70V6.1	7		7
Pp1s111_50V6.1	7		7
Pp1s113_134V6.1	7		7
Pp1s114_203V6.1	4	3	7
Pp1s117_102V6.1	6	1	7
Pp1s124_170V6.1	7		7
Pp1s126_131V6.1	7		7
Pp1s134_119V6.1	3	4	7
Pp1s134_72V6.1	2	5	7
Pp1s136_29V6.1	7		7
Pp1s138_76V6.1	7		7
Pp1s142_89V6.1	2	5	7
Pp1s144_126V6.1	2	5	7
Pp1s15_384V6.1	4	3	7
Pp1s15_397V6.3	2	5	7
Pp1s163_36V6.1	7		7
Pp1s166_97V6.1	4	3	7
Pp1s167_1V6.1	7		7
Pp1s177_18V6.1	2	5	7
Pp1s185_110V6.1	4	3	7
Pp1s191_84V6.1	3	4	7
Pp1s197_25V6.1	7		7
Pp1s204_49V6.1	7		7
Pp1s211_74V6.1	7		7
Pp1s214_36V6.1	7		7
Pp1s219_115V6.1	7		7
Pp1s222_130V6.1	7		7
Pp1s223_70V6.1		7	7
Pp1s224_116V6.1	6	1	7
Pp1s224_1V6.1	7		7
Pp1s23_131V6.1	7		7
Pp1s239_40V6.1	1	6	7
Pp1s243_40V6.1	6	1	7
Pp1s25_202V6.1	4	3	7
Pp1s257_104V6.1	7		7
Pp1s27_198V6.1	3	4	7
Pp1s278_33V6.1	7		7
Pp1s28_399V6.1	3	4	7
Pp1s291_55V6.1	4	3	7
Pp1s300_64V6.1	5	2	7
Pp1s323_3V6.1	4	3	7
Pp1s327_43V6.1	7		7
Pp1s342_35V6.1	7		7
Pp1s348_15V6.1	7		7
Pp1s35_376V6.1	7		7
Pp1s36_84V6.1	7		7
Pp1s38_377V6.1	3	4	7
Pp1s405_6V6.1	3	4	7
Pp1s41_1V6.1	2	5	7
Pp1s414_19V6.1	7		7
Pp1s45_277V6.1	7		7
Pp1s47_21V6.1	4	3	7
Pp1s475_5V6.1	7		7
Pp1s48_255V6.1	7		7
Pp1s48_37V6.2	1	6	7
Pp1s570_1V6.1	7		7
Pp1s58_168V6.1	7		7
Pp1s6_183V6.1	2	5	7
Pp1s64_219V6.1	7		7
Pp1s66_28V6.1	7		7
Pp1s68_169V6.1	3	4	7
Pp1s69_45V6.1	2	5	7
Pp1s7_393V6.1	4	3	7
Pp1s83_145V6.1	7		7
Pp1s83_158V6.1	2	5	7
Pp1s84_153V6.1	7		7
Pp1s86_31V6.1		7	7
Pp1s90_147V6.1	7		7
Pp1s90_85V6.1	7		7
Pp1s94_113V6.1	7		7
Pp1s96_61V6.1	6	1	7
Pp1s99_260V6.1	7		7
REV_Pp1s175_48V6.1	5	2	7
REV_Pp1s33_338V6.1	7		7
REV_Pp1s336_10V6.1	2	5	7
REV_Pp1s351_40V6.1	5	2	7
REV_Pp1s49_167V6.1	3	4	7
REV_tr|A9SBP4|A9SBP4_PHYPA	2	5	7
sp|Q6YXK9|RK16_PHYPA	7	0	7
sp|Q6YXM6|RR12_PHYPA	6	1	7
sp|Q6YXR0|NU3C_PHYPA	5	2	7
sp|Q6YXR9|NU2C_PHYPA	6	1	7
Pp1s10_357V6.1	6		6
Pp1s101_10V6.1	6		6
Pp1s105_42V6.1	6		6
Pp1s123_59V6.1	6		6
Pp1s124_155V6.1	1	5	6
Pp1s127_94V6.1	3	3	6
Pp1s131_123V6.1	6		6
Pp1s143_109V6.1	6		6
Pp1s143_177V6.1	1	5	6
Pp1s147_2V6.1	2	4	6
Pp1s149_35V6.1	6		6
Pp1s15_137V6.1	6		6
Pp1s15_182V6.1	1	5	6
Pp1s150_120V6.1	6		6
Pp1s152_7V6.1	6		6
Pp1s159_160V6.1	6		6
Pp1s16_25V6.1	3	3	6
Pp1s16_337V6.1	5	1	6
Pp1s167_152V6.1	4	2	6
Pp1s174_107V6.1	2	4	6
Pp1s174_62V6.1	5	1	6
Pp1s174_64V6.1	5	1	6
Pp1s178_11V6.1	6		6
Pp1s188_14V6.1	6		6
Pp1s19_279V6.1	6		6
Pp1s192_100V6.1	3	3	6
Pp1s2_290V6.1	6		6
Pp1s2_451V6.1	3	3	6
Pp1s20_191V6.1	4	2	6
Pp1s20_290V6.1	5	1	6
Pp1s201_96V6.1	6	0	6
Pp1s21_138V6.1	2	4	6
Pp1s21_158V6.1	6		6
Pp1s21_344V6.1	6		6
Pp1s21_36V6.1	6		6
Pp1s22_58V6.1	2	4	6
Pp1s234_30V6.1	4	2	6
Pp1s24_104V6.1	1	5	6
Pp1s242_40V6.1	6		6
Pp1s253_40V6.1	2	4	6
Pp1s271_9V6.1	6		6
Pp1s28_124V6.1	6		6
Pp1s283_20V6.1	6		6
Pp1s287_18V6.1	1	5	6
Pp1s289_41V6.1	6		6
Pp1s30_345V6.1	1	5	6
Pp1s307_6V6.1	6		6
Pp1s309_62V6.1	5	1	6
Pp1s31_343V6.1	6		6
Pp1s31_65V6.1	1	5	6
Pp1s317_16V6.1		6	6
Pp1s321_30V6.1	6		6
Pp1s326_44V6.1	6		6
Pp1s332_31V6.1	6		6
Pp1s337_6V6.1	6		6
Pp1s34_112V6.1	1	5	6
Pp1s34_302V6.1	6		6
Pp1s34_379V6.2	4	2	6
Pp1s34_49V6.1	4	2	6
Pp1s341_24V6.1	2	4	6
Pp1s348_23V6.1	4	2	6
Pp1s35_125V6.1	6		6
Pp1s35_49V6.1	2	4	6
Pp1s371_25V6.1	5	1	6
Pp1s377_21V6.1	1	5	6
Pp1s39_380V6.1	2	4	6
Pp1s395_48V6.1	6		6
Pp1s40_48V6.1	6		6
Pp1s407_48V6.1	6		6
Pp1s41_177V6.1	4	2	6
Pp1s42_259V6.1	6		6
Pp1s44_141V6.1	6		6
Pp1s44_41V6.1	6		6
Pp1s450_22V6.1	4	2	6
Pp1s47_291V6.1	6	0	6
Pp1s51_62V6.1	6		6
Pp1s54_55V6.1	5	1	6
Pp1s54_81V6.1	6		6
Pp1s545_10V6.1	1	5	6
Pp1s55_90V6.1	3	3	6
Pp1s56_187V6.1	2	4	6
Pp1s6_159V6.1	6		6
Pp1s61_5V6.1	5	1	6
Pp1s66_291V6.1	4	2	6
Pp1s7_175V6.1	6		6
Pp1s7_390V6.1	6		6
Pp1s70_15V6.1	3	3	6
Pp1s72_148V6.1	2	4	6
Pp1s72_71V6.1	6		6
Pp1s76_190V6.1	6		6
Pp1s76_57V6.1	5	1	6
Pp1s77_252V6.1	1	5	6
Pp1s78_210V6.1	6		6
Pp1s8_193V6.1	1	5	6
Pp1s83_223V6.3	1	5	6
Pp1s84_187V6.1	2	4	6
Pp1s86_189V6.1	6		6
Pp1s9_386V6.1	6		6
Pp1s90_83V6.1	6		6
Pp1s91_107V6.1	6		6
Pp1s97_166V6.1	2	4	6
Pp1s99_42V6.1	1	5	6
REV_Pp1s112_188V6.1	3	3	6
REV_Pp1s53_212V6.1	3	3	6
sp|Q6YXK6|RR19_PHYPA	4	2	6
tr|A9S7Z6|A9S7Z6_PHYPA	2	4	6
Pp1s1_489V6.1	5		5
Pp1s1_526V6.1	5		5
Pp1s1_539V6.1	1	4	5
Pp1s10_9V6.1	5		5
Pp1s100_24V6.1	4	1	5
Pp1s101_218V6.1	5		5
Pp1s101_226V6.1	5		5
Pp1s102_15V6.1	4	1	5
Pp1s104_73V6.1	1	4	5
Pp1s106_67V6.1		5	5
Pp1s109_234V6.1	5		5
Pp1s11_10V6.1	4	1	5
Pp1s114_148V6.1		5	5
Pp1s115_123V6.1	2	3	5
Pp1s122_100V6.1	5		5
Pp1s122_57V6.1	5		5
Pp1s129_115V6.1	1	4	5
Pp1s13_109V6.2	2	3	5
Pp1s13_418V6.1	3	2	5
Pp1s136_70V6.1	5		5
Pp1s140_60V6.1	5		5
Pp1s141_83V6.1	3	2	5
Pp1s142_120V6.1	5		5
Pp1s143_122V6.1	5		5
Pp1s150_29V6.1	2	3	5
Pp1s152_123V6.1	4	1	5
Pp1s153_142V6.1	5		5
Pp1s157_41V6.1	5		5
Pp1s159_155V6.1	4	1	5
Pp1s16_213V6.1	5		5
Pp1s160_82V6.1	1	4	5
Pp1s165_51V6.1	5		5
Pp1s165_65V6.1	5		5
Pp1s17_339V6.1	3	2	5
Pp1s170_48V6.1	1	4	5
Pp1s178_121V6.1	1	4	5
Pp1s183_11V6.2	3	2	5
Pp1s186_60V6.1	5		5
Pp1s197_131V6.1	1	4	5
Pp1s197_20V6.1	5		5
Pp1s2_16V6.1	5		5
Pp1s20_176V6.2	5		5
Pp1s20_237V6.1	2	3	5
Pp1s200_101V6.1	1	4	5
Pp1s21_271V6.1	5		5
Pp1s211_154V6.1		5	5
Pp1s212_114V6.1	1	4	5
Pp1s22_40V6.1	5		5
Pp1s220_23V6.1	4	1	5
Pp1s221_62V6.1	5		5
Pp1s223_23V6.1	5		5
Pp1s224_85V6.1	5		5
Pp1s226_44V6.1	2	3	5
Pp1s233_42V6.1	1	4	5
Pp1s24_26V6.1		5	5
Pp1s244_45V6.1	5		5
Pp1s247_15V6.1	5		5
Pp1s249_55V6.1	5		5
Pp1s254_3V6.2	5		5
Pp1s271_26V6.1		5	5
Pp1s271_35V6.1	1	4	5
Pp1s272_57V6.1	1	4	5
Pp1s275_106V6.1	5		5
Pp1s281_108V6.1	5		5
Pp1s3_23V6.1	5		5
Pp1s31_169V6.1	5		5
Pp1s313_53V6.1	5		5
Pp1s316_69V6.2	1	4	5
Pp1s317_70V6.1	3	2	5
Pp1s318_24V6.1	5		5
Pp1s321_10V6.1	1	4	5
Pp1s321_9V6.1	2	3	5
Pp1s33_197V6.1	1	4	5
Pp1s33_218V6.1	5		5
Pp1s33_221V6.1	2	3	5
Pp1s336_21V6.1	5		5
Pp1s34_11V6.1	5		5
Pp1s34_388V6.1	5		5
Pp1s34_50V6.1	1	4	5
Pp1s35_328V6.1	3	2	5
Pp1s35_68V6.1	2	3	5
Pp1s353_41V6.1	5	0	5
Pp1s355_8V6.1	1	4	5
Pp1s36_150V6.1	5		5
Pp1s365_30V6.1	5		5
Pp1s370_60V6.1	2	3	5
Pp1s371_34V6.1	5		5
Pp1s383_18V6.1	5		5
Pp1s398_18V6.1	5		5
Pp1s4_493V6.1	5		5
Pp1s4_62V6.1	5	0	5
Pp1s40_190V6.1	5		5
Pp1s40_195V6.1	5	0	5
Pp1s408_23V6.1	3	2	5
Pp1s409_2V6.1	5		5
Pp1s41_155V6.3	2	3	5
Pp1s411_3V6.1	1	4	5
Pp1s412_17V6.1	3	2	5
Pp1s42_128V6.2	5		5
Pp1s43_166V6.1	5		5
Pp1s456_27V6.1	3	2	5
Pp1s46_76V6.1	5		5
Pp1s466_13V6.1	5		5
Pp1s47_196V6.1	5		5
Pp1s49_154V6.1	3	2	5
Pp1s5_216V6.1	5		5
Pp1s5_305V6.1	5		5
Pp1s52_69V6.1	4	1	5
Pp1s54_148V6.1	5		5
Pp1s59_111V6.1	5		5
Pp1s59_321V6.1	5		5
Pp1s59_51V6.1	5		5
Pp1s6_132V6.1	1	4	5
Pp1s60_199V6.1	5		5
Pp1s61_37V6.1	5		5
Pp1s65_153V6.1	5		5
Pp1s65_226V6.1	5		5
Pp1s68_12V6.1	5		5
Pp1s7_156V6.1	5		5
Pp1s71_61V6.1	4	1	5
Pp1s73_244V6.1	5		5
Pp1s83_168V6.1	5	0	5
Pp1s83_184V6.1	3	2	5
Pp1s87_171V6.1	5		5
Pp1s91_124V6.1	5		5
Pp1s96_30V6.1	5		5
Pp1s98_145V6.1	4	1	5
REV_Pp1s158_117V6.1	5		5
REV_Pp1s256_10V6.1	4	1	5
REV_Pp1s26_172V6.1	2	3	5
REV_Pp1s376_53V6.1	0	5	5
REV_tr|A9SWC3|A9SWC3_PHYPA	1	4	5
tr|A9RPV0|A9RPV0_PHYPA	5		5
Pp1s101_182V6.1	4		4
Pp1s103_65V6.1	4		4
Pp1s104_156V6.1	4		4
Pp1s106_74V6.1	3	1	4
Pp1s111_143V6.1	4		4
Pp1s113_88V6.1		4	4
Pp1s114_172V6.1	3	1	4
Pp1s114_79V6.1	4		4
Pp1s115_90V6.1	3	1	4
Pp1s116_13V6.1	4		4
Pp1s116_54V6.1	4		4
Pp1s123_141V6.1	4		4
Pp1s128_154V6.1	1	3	4
Pp1s128_58V6.1	4		4
Pp1s13_419V6.1	4		4
Pp1s130_298V6.1	4		4
Pp1s131_197V6.1	1	3	4
Pp1s135_112V6.1	1	3	4
Pp1s139_88V6.1	4		4
Pp1s143_11V6.1	1	3	4
Pp1s144_51V6.1	4		4
Pp1s148_87V6.1	4		4
Pp1s149_288V6.1	4		4
Pp1s15_14V6.1	4		4
Pp1s15_401V6.1		4	4
Pp1s15_404V6.1	1	3	4
Pp1s16_230V6.1	4		4
Pp1s16_327V6.1	1	3	4
Pp1s165_12V6.1	4		4
Pp1s167_19V6.1	4		4
Pp1s168_84V6.1	4		4
Pp1s169_150V6.1	4		4
Pp1s169_153V6.1	4		4
Pp1s169_19V6.1	4		4
Pp1s17_312V6.1	3	1	4
Pp1s173_154V6.1	3	1	4
Pp1s175_128V6.1	1	3	4
Pp1s175_19V6.1	4		4
Pp1s18_113V6.1	4		4
Pp1s18_121V6.1	4		4
Pp1s18_265V6.1	4		4
Pp1s181_13V6.1	1	3	4
Pp1s189_20V6.1		4	4
Pp1s19_232V6.1	1	3	4
Pp1s191_67V6.1	1	3	4
Pp1s192_94V6.2	4		4
Pp1s194_167V6.1	1	3	4
Pp1s198_140V6.1		4	4
Pp1s199_88V6.1	4		4
Pp1s2_655V6.1	4		4
Pp1s20_77V6.1	4		4
Pp1s201_109V6.1	4		4
Pp1s21_362V6.1	4		4
Pp1s212_55V6.1	2	2	4
Pp1s215_6V6.1	3	1	4
Pp1s219_73V6.1	4		4
Pp1s225_89V6.1	2	2	4
Pp1s226_3V6.1	4		4
Pp1s23_281V6.1	1	3	4
Pp1s23_38V6.3	2	2	4
Pp1s237_60V6.1	4		4
Pp1s24_194V6.1	4		4
Pp1s241_91V6.1	4		4
Pp1s247_51V6.1	4		4
Pp1s253_21V6.1	4		4
Pp1s257_95V6.1	4		4
Pp1s26_115V6.1	4		4
Pp1s26_37V6.1	4		4
Pp1s263_72V6.1	1	3	4
Pp1s264_34V6.1	4		4
Pp1s267_89V6.1	4		4
Pp1s269_14V6.1	4		4
Pp1s271_81V6.1	4		4
Pp1s277_37V6.1	4		4
Pp1s277_77V6.1	4		4
Pp1s28_171V6.1	4		4
Pp1s29_267V6.1	2	2	4
Pp1s29_54V6.1	4		4
Pp1s3_238V6.1	3	1	4
Pp1s3_358V6.1	4		4
Pp1s300_26V6.1	4		4
Pp1s301_40V6.1	1	3	4
Pp1s31_392V6.1	4		4
Pp1s317_19V6.2	1	3	4
Pp1s32_57V6.1	4		4
Pp1s336_26V6.1	4		4
Pp1s34_241V6.1	4		4
Pp1s343_44V6.1	4		4
Pp1s35_209V6.1	4		4
Pp1s378_11V6.1	4		4
Pp1s38_243V6.1	4		4
Pp1s382_19V6.1	4		4
Pp1s386_10V6.1	1	3	4
Pp1s389_49V6.1	4		4
Pp1s39_108V6.1	4		4
Pp1s4_282V6.1	4		4
Pp1s409_51V6.1		4	4
Pp1s41_41V6.1	4		4
Pp1s411_25V6.1	4		4
Pp1s419_36V6.2	4		4
Pp1s429_1V6.1	2	2	4
Pp1s431_3V6.1	4		4
Pp1s456_22V6.1	4		4
Pp1s456_23V6.1	2	2	4
Pp1s464_11V6.1	4		4
Pp1s468_18V6.1		4	4
Pp1s53_111V6.1		4	4
Pp1s53_223V6.1	3	1	4
Pp1s54_186V6.2	4		4
Pp1s55_292V6.1	3	1	4
Pp1s56_236V6.1	4		4
Pp1s568_5V6.1	3	1	4
Pp1s58_149V6.1	4		4
Pp1s58_81V6.1	4		4
Pp1s6_143V6.1	4		4
Pp1s61_112V6.1	1	3	4
Pp1s66_45V6.1	2	2	4
Pp1s67_172V6.1	4		4
Pp1s67_235V6.1	2	2	4
Pp1s68_239V6.1		4	4
Pp1s7_73V6.1	4		4
Pp1s70_122V6.1	4		4
Pp1s73_28V6.1	4		4
Pp1s73_47V6.1	4		4
Pp1s78_7V6.1	4		4
Pp1s80_110V6.1	4		4
Pp1s81_246V6.1	4		4
Pp1s81_250V6.1		4	4
Pp1s83_160V6.1		4	4
Pp1s88_195V6.1	4		4
Pp1s89_56V6.1	2	2	4
Pp1s9_109V6.1	4		4
Pp1s9_137V6.1	4		4
Pp1s9_232V6.1		4	4
Pp1s93_52V6.1	3	1	4
REV_Pp1s79_98V6.1	2	2	4
REV_Pp1s80_200V6.1	3	1	4
sp|Q6YXM5|RK20_PHYPA	3	1	4
tr|A9RBY6|A9RBY6_PHYPA	2	2	4
tr|A9SJH2|A9SJH2_PHYPA	4		4
tr|A9TWG9|A9TWG9_PHYPA		4	4
tr|Q1XGA9|Q1XGA9_PHYPA	3	1	4
Pp1s1_168V6.1	3		3
Pp1s1_405V6.1	3		3
Pp1s1_544V6.1	2	1	3
Pp1s1_5V6.2	1	2	3
Pp1s1_815V6.1	3		3
Pp1s10_139V6.1		3	3
Pp1s10_175V6.1	3		3
Pp1s10_210V6.1	3		3
Pp1s10_296V6.1	3		3
Pp1s101_102V6.2	3		3
Pp1s101_74V6.1	3		3
Pp1s102_14V6.1	1	2	3
Pp1s102_88V6.1	1	2	3
Pp1s104_141V6.1	1	2	3
Pp1s107_181V6.1	3		3
Pp1s109_127V6.1	3		3
Pp1s11_55V6.1	3		3
Pp1s112_162V6.1	3		3
Pp1s113_200V6.1	3		3
Pp1s1139_3V6.1		3	3
Pp1s12_415V6.1	3		3
Pp1s12_77V6.1	3		3
Pp1s122_25V6.1	3		3
Pp1s123_47V6.1		3	3
Pp1s123_58V6.1	3		3
Pp1s125_34V6.1	3		3
Pp1s126_190V6.1	3		3
Pp1s126_63V6.1	3		3
Pp1s128_2V6.1	2	1	3
Pp1s132_62V6.1		3	3
Pp1s135_126V6.1	3		3
Pp1s136_73V6.1	3		3
Pp1s139_74V6.1	3	0	3
Pp1s14_237V6.1	3		3
Pp1s14_33V6.1	3		3
Pp1s142_105V6.1	2	1	3
Pp1s146_96V6.1	3		3
Pp1s149_229V6.1	3		3
Pp1s149_31V6.1	2	1	3
Pp1s149_77V6.1	3		3
Pp1s15_423V6.1	3		3
Pp1s152_13V6.1	3		3
Pp1s156_108V6.1	3		3
Pp1s156_53V6.1	3		3
Pp1s156_60V6.1		3	3
Pp1s162_143V6.1	0	3	3
Pp1s162_150V6.1	3		3
Pp1s165_105V6.1	3		3
Pp1s167_18V6.1	2	1	3
Pp1s173_63V6.1	1	2	3
Pp1s174_37V6.1	3		3
Pp1s175_68V6.1	3		3
Pp1s18_148V6.1	1	2	3
Pp1s18_19V6.1	3		3
Pp1s18_287V6.1	3		3
Pp1s18_326V6.1		3	3
Pp1s184_139V6.1	3		3
Pp1s184_48V6.1	1	2	3
Pp1s185_7V6.1	3		3
Pp1s197_114V6.1	3		3
Pp1s198_60V6.1	1	2	3
Pp1s198_61V6.1	3		3
Pp1s2_216V6.1	3		3
Pp1s20_112V6.1		3	3
Pp1s20_305V6.1	3		3
Pp1s20_372V6.1	2	1	3
Pp1s200_23V6.1	2	1	3
Pp1s200_25V6.1	3		3
Pp1s201_11V6.1	3		3
Pp1s206_51V6.1		3	3
Pp1s207_12V6.1	3	0	3
Pp1s207_28V6.1	3		3
Pp1s209_59V6.1		3	3
Pp1s21_259V6.1	3		3
Pp1s21_298V6.1	2	1	3
Pp1s21_361V6.1	3		3
Pp1s21_387V6.1	1	2	3
Pp1s215_25V6.1	3		3
Pp1s215_5V6.1	3		3
Pp1s218_122V6.1	2	1	3
Pp1s218_59V6.1	2	1	3
Pp1s22_76V6.1	3		3
Pp1s223_13V6.1	0	3	3
Pp1s23_109V6.1		3	3
Pp1s236_48V6.1	3		3
Pp1s24_182V6.1	3		3
Pp1s24_200V6.1	1	2	3
Pp1s241_62V6.1	3		3
Pp1s244_11V6.1	3		3
Pp1s245_12V6.1	3		3
Pp1s246_147V6.1	1	2	3
Pp1s25_361V6.1	3		3
Pp1s255_41V6.1	3		3
Pp1s257_40V6.1	3		3
Pp1s258_52V6.1	3		3
Pp1s259_87V6.1	3		3
Pp1s266_65V6.1		3	3
Pp1s269_44V6.1	3		3
Pp1s27_149V6.1	3		3
Pp1s27_195V6.1	3		3
Pp1s271_27V6.1	3		3
Pp1s271_49V6.1	3		3
Pp1s273_45V6.1		3	3
Pp1s275_62V6.1	3		3
Pp1s28_131V6.1	3		3
Pp1s28_321V6.1	3		3
Pp1s284_20V6.1	2	1	3
Pp1s286_5V6.1		3	3
Pp1s290_44V6.1	3		3
Pp1s291_62V6.1	3		3
Pp1s30_190V6.1	3		3
Pp1s300_55V6.1	1	2	3
Pp1s301_54V6.1	3		3
Pp1s307_63V6.1	3		3
Pp1s310_3V6.1	3		3
Pp1s312_76V6.1	3		3
Pp1s323_28V6.1	1	2	3
Pp1s33_127V6.1	2	1	3
Pp1s33_278V6.1	3	0	3
Pp1s34_174V6.1	3		3
Pp1s34_256V6.1	3		3
Pp1s36_158V6.1	1	2	3
Pp1s36_1V6.1	1	2	3
Pp1s36_225V6.1		3	3
Pp1s37_304V6.1	3		3
Pp1s38_226V6.1	2	1	3
Pp1s38_249V6.2	1	2	3
Pp1s382_20V6.1		3	3
Pp1s387_48V6.1	2	1	3
Pp1s39_149V6.1	3		3
Pp1s39_197V6.1	3		3
Pp1s39_248V6.1	3		3
Pp1s391_44V6.1	3		3
Pp1s4_21V6.1	3		3
Pp1s40_134V6.1	3		3
Pp1s40_305V6.1	3		3
Pp1s401_23V6.1	3		3
Pp1s407_41V6.1	3		3
Pp1s407_46V6.1	3	0	3
Pp1s41_175V6.1	3		3
Pp1s41_17V6.1	3		3
Pp1s41_235V6.1	2	1	3
Pp1s41_314V6.1	1	2	3
Pp1s42_258V6.1	3		3
Pp1s426_2V6.1	3		3
Pp1s44_132V6.1	2	1	3
Pp1s45_191V6.1	3		3
Pp1s456_28V6.1	3		3
Pp1s46_42V6.1		3	3
Pp1s47_1V6.1	2	1	3
Pp1s47_276V6.1	3		3
Pp1s47_97V6.1	3		3
Pp1s488_21V6.1	3		3
Pp1s49_103V6.1	3		3
Pp1s49_57V6.1	3		3
Pp1s5_15V6.1	2	1	3
Pp1s5_281V6.1	3		3
Pp1s5_92V6.1	2	1	3
Pp1s505_8V6.1	3		3
Pp1s51_319V6.1	3		3
Pp1s517_1V6.1	3	0	3
Pp1s519_7V6.1	3		3
Pp1s52_261V6.1	3		3
Pp1s54_149V6.1	3		3
Pp1s54_273V6.1	3		3
Pp1s55_319V6.1	3		3
Pp1s55_93V6.1	3		3
Pp1s56_240V6.1		3	3
Pp1s57_70V6.1	3		3
Pp1s58_224V6.1	3		3
Pp1s58_72V6.1		3	3
Pp1s6_153V6.1	3		3
Pp1s60_227V6.1	3		3
Pp1s60_307V6.1	3		3
Pp1s61_208V6.2	3		3
Pp1s63_99V6.1	3		3
Pp1s65_314V6.1	3		3
Pp1s68_249V6.1	1	2	3
Pp1s7_123V6.1	3		3
Pp1s7_155V6.1	2	1	3
Pp1s7_307V6.1	3		3
Pp1s7_394V6.1	3		3
Pp1s7_501V6.1	3		3
Pp1s74_120V6.1	3		3
Pp1s74_251V6.1	3		3
Pp1s75_107V6.1	3		3
Pp1s76_197V6.1	3		3
Pp1s77_225V6.1	1	2	3
Pp1s79_272V6.1	2	1	3
Pp1s79_54V6.1	3		3
Pp1s80_180V6.1	3		3
Pp1s80_64V6.1	3		3
Pp1s81_151V6.1	3		3
Pp1s81_153V6.1	3		3
Pp1s81_36V6.1	3		3
Pp1s82_113V6.1	2	1	3
Pp1s83_192V6.1	3		3
Pp1s83_72V6.1	1	2	3
Pp1s84_125V6.1	3		3
Pp1s86_201V6.2	3		3
Pp1s86_232V6.1	3		3
Pp1s88_63V6.1	2	1	3
Pp1s89_23V6.1	2	1	3
Pp1s9_350V6.1	1	2	3
Pp1s91_57V6.1	1	2	3
Pp1s92_84V6.1	3		3
Pp1s96_115V6.1	3		3
REV_Pp1s100_68V6.1	1	2	3
REV_Pp1s106_65V6.1	1	2	3
REV_Pp1s158_147V6.1	1	2	3
REV_Pp1s16_334V6.1	3	0	3
REV_Pp1s160_45V6.1	3		3
REV_Pp1s236_42V6.1	2	1	3
REV_Pp1s24_145V6.1	2	1	3
REV_Pp1s240_95V6.1	3		3
REV_Pp1s358_6V6.1	2	1	3
REV_Pp1s45_270V6.1	2	1	3
REV_Pp1s51_133V6.1	3	0	3
REV_Pp1s54_25V6.1		3	3
REV_Pp1s90_174V6.1	3	0	3
REV_tr|A9RC63|A9RC63_PHYPA		3	3
REV_tr|A9TLB6|A9TLB6_PHYPA	3	0	3
tr|A9REY0|A9REY0_PHYPA		3	3
tr|A9TB97|A9TB97_PHYPA		3	3
tr|Q1XG99|Q1XG99_PHYPA	3		3
Pp1s1_300V6.1	2		2
Pp1s1_315V6.1	2		2
Pp1s1_543V6.1	2		2
Pp1s10_171V6.1	2		2
Pp1s10_245V6.1		2	2
Pp1s10_315V6.1	2		2
Pp1s10_369V6.1	2		2
Pp1s101_151V6.1	2		2
Pp1s101_28V6.1	2		2
Pp1s101_79V6.1	2		2
Pp1s102_133V6.1	2		2
Pp1s102_189V6.1		2	2
Pp1s102_32V6.2	2		2
Pp1s103_67V6.1	2		2
Pp1s107_189V6.1	2		2
Pp1s107_27V6.1	2		2
Pp1s109_97V6.1		2	2
Pp1s11_269V6.1	2		2
Pp1s11_333V6.1	2		2
Pp1s11_56V6.1	2		2
Pp1s110_124V6.1	2		2
Pp1s110_99V6.1	2		2
Pp1s111_37V6.1	2		2
Pp1s114_164V6.1	1	1	2
Pp1s114_55V6.1	2		2
Pp1s115_206V6.1	1	1	2
Pp1s115_82V6.1	2		2
Pp1s118_154V6.1		2	2
Pp1s119_54V6.1	2		2
Pp1s12_109V6.1	2		2
Pp1s12_143V6.1	2		2
Pp1s12_289V6.1	2		2
Pp1s12_317V6.1	1	1	2
Pp1s120_113V6.1	2		2
Pp1s120_28V6.1	2		2
Pp1s122_101V6.1	1	1	2
Pp1s123_105V6.1	2		2
Pp1s123_140V6.1	2		2
Pp1s126_126V6.1	2		2
Pp1s126_130V6.1	2		2
Pp1s126_52V6.1	2		2
Pp1s128_141V6.1	2		2
Pp1s13_236V6.1	2		2
Pp1s13_239V6.1	2		2
Pp1s131_191V6.1	2		2
Pp1s131_195V6.1	2		2
Pp1s136_224V6.1	2		2
Pp1s136_59V6.1	2		2
Pp1s136_80V6.1	2		2
Pp1s138_118V6.1	2		2
Pp1s139_10V6.1	2		2
Pp1s14_318V6.1	2		2
Pp1s140_12V6.1	1	1	2
Pp1s142_79V6.1		2	2
Pp1s144_24V6.1		2	2
Pp1s144_89V6.1	2		2
Pp1s145_117V6.1		2	2
Pp1s145_30V6.1	2		2
Pp1s145_46V6.1	2		2
Pp1s15_157V6.1	2		2
Pp1s15_391V6.1	2		2
Pp1s150_114V6.1	2		2
Pp1s152_111V6.1	2		2
Pp1s156_78V6.1	2		2
Pp1s158_153V6.1	1	1	2
Pp1s158_84V6.1	0	2	2
Pp1s16_250V6.1	2		2
Pp1s16_308V6.2	2		2
Pp1s16_360V6.1		2	2
Pp1s16_51V6.1		2	2
Pp1s161_119V6.1	2		2
Pp1s161_29V6.1	2		2
Pp1s161_5V6.1		2	2
Pp1s162_27V6.1	2		2
Pp1s163_59V6.1	2		2
Pp1s165_119V6.1	2		2
Pp1s167_149V6.1	2		2
Pp1s167_150V6.1	2		2
Pp1s168_28V6.1	2		2
Pp1s169_51V6.1	2		2
Pp1s17_207V6.1	2		2
Pp1s170_49V6.1	2		2
Pp1s171_107V6.1	2		2
Pp1s171_149V6.1	2		2
Pp1s171_59V6.1	2		2
Pp1s172_87V6.1	2		2
Pp1s175_135V6.1	2		2
Pp1s175_51V6.1	2		2
Pp1s178_58V6.1	2		2
Pp1s178_83V6.1	1	1	2
Pp1s18_199V6.1	2		2
Pp1s18_93V6.1	2		2
Pp1s182_90V6.1	2		2
Pp1s183_4V6.1	2		2
Pp1s187_77V6.1	2		2
Pp1s19_142V6.1		2	2
Pp1s19_316V6.1	1	1	2
Pp1s19_33V6.1	2		2
Pp1s190_76V6.1	2		2
Pp1s195_8V6.1	2		2
Pp1s196_53V6.1	0	2	2
Pp1s197_54V6.1	2		2
Pp1s197_80V6.1		2	2
Pp1s199_7V6.1	2		2
Pp1s199_83V6.1	2		2
Pp1s2_226V6.1	2		2
Pp1s2_589V6.1	2		2
Pp1s20_332V6.1	2		2
Pp1s20_86V6.1	2		2
Pp1s20_92V6.1	2		2
Pp1s201_31V6.1		2	2
Pp1s201_62V6.1	2		2
Pp1s201_7V6.1	2		2
Pp1s204_5V6.1		2	2
Pp1s207_105V6.1	2		2
Pp1s207_81V6.1	2		2
Pp1s209_135V6.1	2		2
Pp1s209_83V6.1	2		2
Pp1s21_311V6.1	2		2
Pp1s21_390V6.1	2		2
Pp1s212_57V6.1	2		2
Pp1s213_14V6.1	1	1	2
Pp1s214_79V6.1	2		2
Pp1s215_109V6.2	1	1	2
Pp1s215_12V6.1	2		2
Pp1s216_49V6.1	2		2
Pp1s218_133V6.1	2		2
Pp1s219_50V6.1	2		2
Pp1s219_67V6.1	1	1	2
Pp1s22_155V6.1	2		2
Pp1s22_18V6.1	2		2
Pp1s22_206V6.1	0	2	2
Pp1s22_222V6.1	2		2
Pp1s221_58V6.1	2		2
Pp1s221_75V6.1	2		2
Pp1s222_108V6.1		2	2
Pp1s224_36V6.1	1	1	2
Pp1s226_56V6.1	2		2
Pp1s227_10V6.1	2		2
Pp1s229_21V6.1	2		2
Pp1s23_193V6.1	2		2
Pp1s23_225V6.1	2		2
Pp1s23_324V6.1		2	2
Pp1s23_342V6.1		2	2
Pp1s230_8V6.1	2		2
Pp1s232_62V6.1	2		2
Pp1s235_137V6.1	2		2
Pp1s236_45V6.1		2	2
Pp1s238_21V6.1	2		2
Pp1s238_46V6.1	2		2
Pp1s24_126V6.1	2		2
Pp1s242_11V6.1	2		2
Pp1s244_85V6.1		2	2
Pp1s245_17V6.1	2		2
Pp1s245_32V6.1		2	2
Pp1s246_126V6.1	2		2
Pp1s246_8V6.1	2		2
Pp1s249_65V6.1	2		2
Pp1s25_348V6.1	1	1	2
Pp1s25_71V6.1	1	1	2
Pp1s251_17V6.1	2		2
Pp1s252_26V6.1	2		2
Pp1s253_8V6.1		2	2
Pp1s256_37V6.1	0	2	2
Pp1s256_38V6.1	1	1	2
Pp1s256_72V6.1	1	1	2
Pp1s257_28V6.1	2		2
Pp1s267_16V6.1	2		2
Pp1s27_171V6.1	2		2
Pp1s270_75V6.1	2		2
Pp1s273_14V6.1	2		2
Pp1s274_75V6.2	2		2
Pp1s28_196V6.1	2		2
Pp1s28_214V6.1	1	1	2
Pp1s28_306V6.1	2		2
Pp1s28_378V6.1	2		2
Pp1s282_15V6.1	2		2
Pp1s283_76V6.1	2		2
Pp1s286_37V6.1		2	2
Pp1s287_31V6.1		2	2
Pp1s287_63V6.1	2		2
Pp1s29_152V6.1	2		2
Pp1s29_209V6.1	1	1	2
Pp1s291_28V6.1	1	1	2
Pp1s297_4V6.1		2	2
Pp1s298_26V6.1	2		2
Pp1s298_60V6.1	2		2
Pp1s3_208V6.1	1	1	2
Pp1s3_614V6.1		2	2
Pp1s30_228V6.1	2		2
Pp1s30_37V6.1	2		2
Pp1s30_41V6.1	2		2
Pp1s300_44V6.1	2		2
Pp1s303_47V6.1	2		2
Pp1s309_36V6.1	2		2
Pp1s31_282V6.1	2		2
Pp1s31_2V6.1	2		2
Pp1s31_53V6.1	1	1	2
Pp1s311_15V6.1	2		2
Pp1s316_61V6.1	2		2
Pp1s32_202V6.1	2		2
Pp1s322_14V6.1	2		2
Pp1s322_37V6.1	2		2
Pp1s323_19V6.1	2		2
Pp1s33_129V6.1	2		2
Pp1s33_44V6.1	2		2
Pp1s33_98V6.1	1	1	2
Pp1s336_25V6.1	2		2
Pp1s336_43V6.1	2		2
Pp1s338_11V6.1	2		2
Pp1s34_240V6.1	2		2
Pp1s342_20V6.1		2	2
Pp1s343_46V6.1	2		2
Pp1s347_9V6.1	1	1	2
Pp1s35_247V6.2	2		2
Pp1s35_259V6.1	2		2
Pp1s35_305V6.1	2		2
Pp1s350_23V6.2	2		2
Pp1s355_18V6.1	2		2
Pp1s36_114V6.1		2	2
Pp1s36_207V6.1	1	1	2
Pp1s36_263V6.1	2		2
Pp1s36_334V6.1	2		2
Pp1s36_55V6.1	2		2
Pp1s362_29V6.1	2		2
Pp1s363_21V6.1	2		2
Pp1s37_13V6.1	2		2
Pp1s37_31V6.1	2		2
Pp1s37_341V6.1	2		2
Pp1s372_57V6.1	2		2
Pp1s375_27V6.1		2	2
Pp1s38_7V6.1		2	2
Pp1s382_29V6.1	0	2	2
Pp1s382_2V6.1	2		2
Pp1s382_36V6.1	2		2
Pp1s387_2V6.1		2	2
Pp1s387_32V6.1		2	2
Pp1s39_323V6.1	2		2
Pp1s39_326V6.1	2		2
Pp1s391_39V6.1	2		2
Pp1s403_16V6.1		2	2
Pp1s405_1V6.1	2		2
Pp1s41_310V6.1	1	1	2
Pp1s42_177V6.1	2		2
Pp1s42_224V6.1	2		2
Pp1s42_251V6.1	2		2
Pp1s42_261V6.1	1	1	2
Pp1s42_35V6.1	2		2
Pp1s426_19V6.1	2		2
Pp1s429_33V6.2	2	0	2
Pp1s43_126V6.1		2	2
Pp1s43_170V6.1	2		2
Pp1s43_199V6.1	2		2
Pp1s43_239V6.1	2		2
Pp1s433_15V6.1	2		2
Pp1s433_22V6.1	2		2
Pp1s438_26V6.1	2		2
Pp1s44_13V6.1	2		2
Pp1s44_320V6.1	2		2
Pp1s45_265V6.1	2		2
Pp1s45_280V6.1	2		2
Pp1s454_18V6.1	2		2
Pp1s46_234V6.1	0	2	2
Pp1s46_64V6.1	1	1	2
Pp1s465_25V6.1	2		2
Pp1s47_4V6.1	2		2
Pp1s47_89V6.1	2		2
Pp1s49_23V6.1	2		2
Pp1s490_20V6.1	2		2
Pp1s495_6V6.1	2		2
Pp1s5_381V6.1	2		2
Pp1s5_51V6.2	2		2
Pp1s50_23V6.1	2		2
Pp1s504_13V6.1	2	0	2
Pp1s507_6V6.1	2		2
Pp1s51_136V6.1	2		2
Pp1s51_46V6.1		2	2
Pp1s52_110V6.1		2	2
Pp1s52_245V6.1	2		2
Pp1s53_22V6.1	2		2
Pp1s532_5V6.1	1	1	2
Pp1s54_278V6.1	2		2
Pp1s54_299V6.1	2		2
Pp1s55_123V6.1	2		2
Pp1s58_281V6.1	2		2
Pp1s58_47V6.1	2		2
Pp1s59_161V6.1	2		2
Pp1s59_275V6.1	2		2
Pp1s59_317V6.1	2		2
Pp1s59_325V6.1	2		2
Pp1s59_81V6.1	2		2
Pp1s6_202V6.1	2		2
Pp1s6_369V6.1	2		2
Pp1s61_296V6.1	2		2
Pp1s626_4V6.1	2		2
Pp1s63_179V6.1	2		2
Pp1s64_52V6.1	1	1	2
Pp1s65_1V6.1	1	1	2
Pp1s65_6V6.1	1	1	2
Pp1s65_73V6.1	1	1	2
Pp1s66_223V6.1		2	2
Pp1s67_133V6.1	2		2
Pp1s67_222V6.1	2		2
Pp1s68_295V6.1	1	1	2
Pp1s7_102V6.1	2		2
Pp1s7_267V6.1	2		2
Pp1s71_354V6.1	1	1	2
Pp1s72_312V6.1	1	1	2
Pp1s73_48V6.1	2		2
Pp1s73_61V6.1	2		2
Pp1s74_122V6.1	2		2
Pp1s74_258V6.1	2		2
Pp1s75_251V6.1	2		2
Pp1s76_150V6.1	2		2
Pp1s77_158V6.1	2		2
Pp1s77_164V6.1	2		2
Pp1s77_54V6.2	2		2
Pp1s77_89V6.1	2		2
Pp1s8_120V6.1	1	1	2
Pp1s8_124V6.1	2		2
Pp1s8_209V6.1	2		2
Pp1s80_71V6.1	1	1	2
Pp1s81_46V6.1		2	2
Pp1s83_247V6.1	2		2
Pp1s83_248V6.1		2	2
Pp1s86_147V6.1	2		2
Pp1s86_212V6.1		2	2
Pp1s87_110V6.1	2		2
Pp1s87_63V6.1		2	2
Pp1s88_98V6.1	2		2
Pp1s89_262V6.1	2		2
Pp1s9_410V6.1	2		2
Pp1s9_440V6.1	2		2
Pp1s9_476V6.1	2		2
Pp1s90_160V6.1	2		2
Pp1s90_28V6.1	1	1	2
Pp1s90_96V6.1	2		2
Pp1s91_116V6.2	2		2
Pp1s91_37V6.1	2		2
Pp1s92_47V6.1	2		2
Pp1s93_182V6.1	2		2
Pp1s93_73V6.1	2		2
Pp1s94_163V6.1	2		2
Pp1s96_127V6.1		2	2
Pp1s97_286V6.1		2	2
Pp1s98_34V6.1	1	1	2
REV_Pp1s1_786V6.1	2		2
REV_Pp1s112_113V6.1	1	1	2
REV_Pp1s136_10V6.1	1	1	2
REV_Pp1s15_270V6.1	1	1	2
REV_Pp1s156_45V6.1		2	2
REV_Pp1s193_76V6.1	2		2
REV_Pp1s201_82V6.1	1	1	2
REV_Pp1s2135_1V6.1	2		2
REV_Pp1s270_54V6.2		2	2
REV_Pp1s287_17V6.1	1	1	2
REV_Pp1s309_76V6.1	0	2	2
REV_Pp1s33_98V6.1	2		2
REV_Pp1s39_120V6.1		2	2
REV_Pp1s9_51V6.1	2		2
REV_Pp1s96_61V6.1	2		2
REV_tr|A9SRG9|A9SRG9_PHYPA	1	1	2
REV_tr|A9SUI1|A9SUI1_PHYPA	0	2	2
REV_tr|A9T6B4|A9T6B4_PHYPA		2	2
REV_tr|A9T9Q5|A9T9Q5_PHYPA	1	1	2
sp|Q6YXQ1|NU4LC_PHYPA		2	2
sp|Q6YXQ4|RK32_PHYPA	1	1	2
tr|A9S4P2|A9S4P2_PHYPA	0	2	2
tr|A9SET6|A9SET6_PHYPA	2		2
tr|A9SGJ8|A9SGJ8_PHYPA		2	2
tr|A9SRW2|A9SRW2_PHYPA		2	2
tr|A9T8C4|A9T8C4_PHYPA	1	1	2
tr|A9TFR7|A9TFR7_PHYPA	1	1	2
tr|Q1XGD1|Q1XGD1_PHYPA	2		2
tr|Q6YXN0|Q6YXN0_PHYPA	2		2
Pp1s1_156V6.1	1		1
Pp1s1_158V6.1		1	1
Pp1s1_180V6.1		1	1
Pp1s1_222V6.1		1	1
Pp1s1_320V6.1	1		1
Pp1s1_348V6.1	1		1
Pp1s1_441V6.1	1		1
Pp1s1_59V6.1	1		1
Pp1s1_653V6.1	1		1
Pp1s1_696V6.1	1		1
Pp1s1_828V6.1		1	1
Pp1s10_103V6.1	1		1
Pp1s10_119V6.1		1	1
Pp1s10_129V6.1	1		1
Pp1s10_152V6.1	1		1
Pp1s10_176V6.1	1		1
Pp1s10_228V6.1	1		1
Pp1s10_243V6.1	1	0	1
Pp1s10_246V6.1	1		1
Pp1s10_254V6.1	1		1
Pp1s10_4V6.1	1		1
Pp1s10_51V6.1	1		1
Pp1s100_108V6.1	1		1
Pp1s100_236V6.1	1		1
Pp1s100_33V6.1	1		1
Pp1s100_44V6.1	1		1
Pp1s101_239V6.1	1		1
Pp1s101_245V6.1	1		1
Pp1s101_80V6.1	1		1
Pp1s101_95V6.1	1		1
Pp1s102_196V6.1	1		1
Pp1s103_117V6.2		1	1
Pp1s103_119V6.1	1		1
Pp1s103_62V6.1		1	1
Pp1s103_79V6.1		1	1
Pp1s103_94V6.1		1	1
Pp1s104_158V6.1	1		1
Pp1s104_16V6.1		1	1
Pp1s104_75V6.1	1		1
Pp1s105_137V6.1	1		1
Pp1s105_37V6.1	1		1
Pp1s106_48V6.1	1		1
Pp1s108_16V6.1	1		1
Pp1s108_182V6.1	1		1
Pp1s108_187V6.1	1		1
Pp1s109_145V6.1	1		1
Pp1s109_192V6.1	1		1
Pp1s109_205V6.1	1		1
Pp1s109_267V6.2	1		1
Pp1s11_260V6.1	1		1
Pp1s11_54V6.1	1		1
Pp1s11_60V6.1	1		1
Pp1s110_19V6.1	1		1
Pp1s111_160V6.1		1	1
Pp1s112_233V6.1	1		1
Pp1s113_185V6.1	1		1
Pp1s113_85V6.1	1		1
Pp1s114_129V6.1	1		1
Pp1s114_56V6.1	1		1
Pp1s114_83V6.1	1		1
Pp1s115_125V6.1	1		1
Pp1s115_188V6.1	1		1
Pp1s115_78V6.1	1		1
Pp1s116_123V6.1	1		1
Pp1s116_172V6.1	1		1
Pp1s117_152V6.1		1	1
Pp1s117_91V6.2	1		1
Pp1s117_96V6.1	1		1
Pp1s119_135V6.1	1		1
Pp1s12_118V6.1		1	1
Pp1s12_174V6.1	1		1
Pp1s12_202V6.1	1		1
Pp1s12_29V6.1	1		1
Pp1s12_320V6.1	1		1
Pp1s12_74V6.2	1		1
Pp1s121_25V6.1	1		1
Pp1s122_52V6.1	1		1
Pp1s122_6V6.1	1		1
Pp1s123_148V6.1	1		1
Pp1s124_70V6.1	1		1
Pp1s126_112V6.1	1		1
Pp1s126_198V6.1	1		1
Pp1s126_82V6.1		1	1
Pp1s126_91V6.1	0	1	1
Pp1s127_102V6.1	1		1
Pp1s127_123V6.2	1		1
Pp1s128_53V6.1	1		1
Pp1s129_202V6.1	1		1
Pp1s13_197V6.1	1		1
Pp1s13_374V6.1	1		1
Pp1s13_413V6.1	1		1
Pp1s130_196V6.1	1		1
Pp1s130_213V6.1	1		1
Pp1s130_248V6.2	1		1
Pp1s130_270V6.1	1		1
Pp1s130_99V6.1	1		1
Pp1s131_107V6.1	1		1
Pp1s131_16V6.1	1		1
Pp1s131_189V6.1	1		1
Pp1s131_18V6.1	1		1
Pp1s131_193V6.1	1		1
Pp1s134_113V6.1	1		1
Pp1s134_168V6.1		1	1
Pp1s135_115V6.1	1		1
Pp1s136_98V6.1	1		1
Pp1s137_209V6.1	1		1
Pp1s137_233V6.1		1	1
Pp1s137_47V6.1	0	1	1
Pp1s138_131V6.1	1		1
Pp1s138_150V6.1	1		1
Pp1s139_28V6.1	1		1
Pp1s139_9V6.1	1		1
Pp1s14_131V6.1	1		1
Pp1s14_250V6.1	1		1
Pp1s14_251V6.1	1		1
Pp1s14_264V6.1		1	1
Pp1s14_82V6.1	1		1
Pp1s140_59V6.1	1		1
Pp1s140_63V6.1	1		1
Pp1s141_56V6.1	1	0	1
Pp1s142_94V6.1		1	1
Pp1s145_162V6.1	1		1
Pp1s145_88V6.1	1		1
Pp1s146_82V6.1	1		1
Pp1s149_51V6.2		1	1
Pp1s15_112V6.1	1		1
Pp1s15_130V6.1	1		1
Pp1s15_298V6.2	1		1
Pp1s15_355V6.1	1		1
Pp1s150_125V6.2	1		1
Pp1s150_13V6.1	1		1
Pp1s150_17V6.1	1		1
Pp1s150_57V6.1	1		1
Pp1s152_119V6.1	1		1
Pp1s152_141V6.1	1		1
Pp1s153_133V6.1	1		1
Pp1s155_107V6.1	1		1
Pp1s156_133V6.1	1		1
Pp1s156_89V6.1	1		1
Pp1s159_5V6.1	1		1
Pp1s16_116V6.1	1		1
Pp1s16_248V6.1		1	1
Pp1s16_305V6.1	1		1
Pp1s16_315V6.1	1		1
Pp1s16_329V6.1	1		1
Pp1s16_349V6.1		1	1
Pp1s16_359V6.1	1		1
Pp1s161_13V6.1	1		1
Pp1s162_108V6.1	1		1
Pp1s162_167V6.1	1		1
Pp1s162_9V6.1	1		1
Pp1s164_98V6.1	1		1
Pp1s165_106V6.1	1		1
Pp1s165_38V6.1	1		1
Pp1s165_40V6.1	1		1
Pp1s165_66V6.1	1		1
Pp1s166_99V6.1	1		1
Pp1s167_142V6.1		1	1
Pp1s167_21V6.1	1		1
Pp1s167_76V6.1	1		1
Pp1s168_27V6.1	1		1
Pp1s168_44V6.1	1		1
Pp1s169_172V6.1	1		1
Pp1s17_213V6.1	1		1
Pp1s17_278V6.1	1		1
Pp1s17_306V6.1	1		1
Pp1s17_307V6.2	1		1
Pp1s171_143V6.1	1		1
Pp1s171_56V6.1	1		1
Pp1s173_102V6.1		1	1
Pp1s174_123V6.1	1		1
Pp1s177_28V6.1	1		1
Pp1s179_15V6.1	1		1
Pp1s18_223V6.1		1	1
Pp1s18_322V6.1	1		1
Pp1s18_52V6.1		1	1
Pp1s18_59V6.1	1		1
Pp1s180_116V6.1	1		1
Pp1s181_37V6.1	1		1
Pp1s182_83V6.1	1		1
Pp1s183_39V6.1	1		1
Pp1s183_67V6.1	1		1
Pp1s185_2V6.1	1		1
Pp1s188_92V6.1	1		1
Pp1s19_254V6.1	1		1
Pp1s190_72V6.1		1	1
Pp1s193_68V6.1	1		1
Pp1s194_101V6.1	1		1
Pp1s195_27V6.1	1		1
Pp1s195_72V6.1	1		1
Pp1s196_63V6.1	1		1
Pp1s197_115V6.1	1		1
Pp1s197_67V6.1		1	1
Pp1s198_54V6.1	1		1
Pp1s198_76V6.1	1		1
Pp1s2_33V6.1		1	1
Pp1s2_40V6.1	1		1
Pp1s2_614V6.1	1		1
Pp1s2_649V6.1	1		1
Pp1s20_116V6.1	1		1
Pp1s20_57V6.1	1		1
Pp1s200_18V6.1	1	0	1
Pp1s201_26V6.1	0	1	1
Pp1s204_102V6.1	1		1
Pp1s206_101V6.1	1		1
Pp1s206_16V6.1		1	1
Pp1s206_45V6.1	1		1
Pp1s207_6V6.1	1		1
Pp1s209_107V6.1	1		1
Pp1s209_111V6.1	1		1
Pp1s21_136V6.1	1		1
Pp1s21_222V6.1	1		1
Pp1s21_318V6.1	1		1
Pp1s21_417V6.1	1		1
Pp1s210_40V6.1		1	1
Pp1s211_70V6.1		1	1
Pp1s212_50V6.1	1		1
Pp1s213_68V6.1	1		1
Pp1s214_37V6.1	1		1
Pp1s215_60V6.1	1		1
Pp1s217_11V6.1	1		1
Pp1s217_43V6.1	1		1
Pp1s217_71V6.1	1		1
Pp1s218_51V6.1	1		1
Pp1s219_102V6.1	1		1
Pp1s219_6V6.1	1		1
Pp1s219_95V6.1	1		1
Pp1s22_212V6.1	1		1
Pp1s22_229V6.1	1		1
Pp1s22_268V6.1		1	1
Pp1s22_272V6.1	1		1
Pp1s22_311V6.1	1		1
Pp1s22_38V6.1		1	1
Pp1s220_60V6.1	1		1
Pp1s221_49V6.1	1		1
Pp1s224_47V6.1		1	1
Pp1s225_73V6.1	1		1
Pp1s229_16V6.1	1		1
Pp1s23_25V6.1	1		1
Pp1s23_32V6.1	1		1
Pp1s23_35V6.1	1		1
Pp1s23_51V6.1	1		1
Pp1s23_86V6.1	1		1
Pp1s230_71V6.1	1		1
Pp1s231_11V6.1	1	0	1
Pp1s232_82V6.1	1		1
Pp1s234_17V6.1	1		1
Pp1s235_81V6.1	1		1
Pp1s235_83V6.1	1		1
Pp1s235_92V6.1	1		1
Pp1s236_72V6.1	1		1
Pp1s24_129V6.1		1	1
Pp1s24_154V6.1	1		1
Pp1s24_158V6.1		1	1
Pp1s24_7V6.1		1	1
Pp1s240_23V6.1	1		1
Pp1s240_76V6.1	1		1
Pp1s241_58V6.1	1		1
Pp1s243_63V6.1	1		1
Pp1s244_74V6.1	1		1
Pp1s246_44V6.1	1		1
Pp1s246_78V6.1	1		1
Pp1s247_27V6.1	1		1
Pp1s248_62V6.1	1		1
Pp1s249_64V6.1		1	1
Pp1s25_30V6.1	1		1
Pp1s25_376V6.1	1		1
Pp1s254_10V6.1	1		1
Pp1s254_28V6.1		1	1
Pp1s254_31V6.1	1		1
Pp1s255_64V6.1	1		1
Pp1s257_105V6.1	1		1
Pp1s257_72V6.1	1		1
Pp1s257_73V6.1	1		1
Pp1s257_89V6.1	1		1
Pp1s258_57V6.1	1		1
Pp1s259_34V6.1	1		1
Pp1s259_69V6.1		1	1
Pp1s26_99V6.1	1		1
Pp1s262_54V6.1	1		1
Pp1s263_3V6.1	1		1
Pp1s265_32V6.1		1	1
Pp1s266_46V6.1	1		1
Pp1s266_52V6.1	1		1
Pp1s27_120V6.1	1		1
Pp1s27_218V6.1	1		1
Pp1s27_74V6.1	1		1
Pp1s270_27V6.1	1		1
Pp1s270_53V6.1	1		1
Pp1s270_61V6.1		1	1
Pp1s271_57V6.1	1		1
Pp1s272_13V6.1	1		1
Pp1s274_85V6.1	0	1	1
Pp1s276_23V6.2	1		1
Pp1s276_65V6.1	1		1
Pp1s276_76V6.1	1		1
Pp1s277_79V6.1	1		1
Pp1s279_38V6.1	1		1
Pp1s279_63V6.1	1		1
Pp1s28_112V6.1	1		1
Pp1s28_115V6.1	1		1
Pp1s280_49V6.1	1		1
Pp1s280_51V6.1	1		1
Pp1s281_26V6.1		1	1
Pp1s286_12V6.1		1	1
Pp1s288_13V6.1	1		1
Pp1s288_43V6.1	1		1
Pp1s29_101V6.1	1		1
Pp1s29_184V6.1		1	1
Pp1s29_248V6.1	1		1
Pp1s29_55V6.1	1		1
Pp1s29_62V6.1	1		1
Pp1s291_27V6.1		1	1
Pp1s291_39V6.1		1	1
Pp1s292_39V6.1	1		1
Pp1s293_5V6.1	1		1
Pp1s293_87V6.1	1		1
Pp1s296_11V6.2	1		1
Pp1s297_21V6.1	1		1
Pp1s3_182V6.1	1		1
Pp1s3_192V6.1	1		1
Pp1s3_48V6.1	0	1	1
Pp1s3_490V6.1	1	0	1
Pp1s3_646V6.1	1		1
Pp1s3_92V6.1	1		1
Pp1s30_127V6.1		1	1
Pp1s30_232V6.1	1		1
Pp1s30_303V6.1		1	1
Pp1s30_365V6.1	1		1
Pp1s30_44V6.1	1		1
Pp1s301_36V6.2	1		1
Pp1s301_53V6.1	1		1
Pp1s301_8V6.1	1		1
Pp1s303_23V6.1	1		1
Pp1s304_66V6.1	1		1
Pp1s304_9V6.1	1		1
Pp1s306_71V6.1	1		1
Pp1s307_72V6.1		1	1
Pp1s308_15V6.1	1		1
Pp1s309_26V6.1	1		1
Pp1s31_190V6.1	1		1
Pp1s31_338V6.1	1		1
Pp1s311_23V6.1	1		1
Pp1s314_2V6.1	1		1
Pp1s317_15V6.1	1		1
Pp1s32_177V6.1	1		1
Pp1s32_197V6.1	1		1
Pp1s32_349V6.1	1		1
Pp1s32_3V6.1	1		1
Pp1s324_20V6.1	1		1
Pp1s325_11V6.1	1		1
Pp1s326_24V6.1	1		1
Pp1s328_44V6.1	1		1
Pp1s328_56V6.1	1		1
Pp1s33_207V6.1	1		1
Pp1s33_211V6.1	1		1
Pp1s33_341V6.1	1		1
Pp1s33_59V6.1	1		1
Pp1s33_83V6.2	1		1
Pp1s332_23V6.1		1	1
Pp1s332_24V6.1	1		1
Pp1s332_29V6.1	1		1
Pp1s333_11V6.1		1	1
Pp1s333_20V6.1	1		1
Pp1s334_38V6.1	1		1
Pp1s335_61V6.1	1		1
Pp1s3350_1V6.1		1	1
Pp1s336_51V6.1	1		1
Pp1s338_12V6.1	1		1
Pp1s34_313V6.1		1	1
Pp1s34_68V6.1	1		1
Pp1s340_43V6.1		1	1
Pp1s341_72V6.1	1		1
Pp1s341_73V6.1		1	1
Pp1s342_16V6.1	1		1
Pp1s342_16V6.2	1		1
Pp1s344_14V6.1		1	1
Pp1s345_10V6.1	1		1
Pp1s347_22V6.1	1		1
Pp1s35_169V6.1	1		1
Pp1s35_255V6.1	1		1
Pp1s35_276V6.1	1		1
Pp1s35_285V6.1	1		1
Pp1s355_57V6.1	1		1
Pp1s356_8V6.1	1		1
Pp1s358_11V6.1	1		1
Pp1s358_19V6.1	1		1
Pp1s36_271V6.1	1		1
Pp1s36_296V6.1	1		1
Pp1s36_2V6.1	1		1
Pp1s36_39V6.1	1		1
Pp1s36_60V6.1	1		1
Pp1s36_98V6.1	1		1
Pp1s364_44V6.1	1		1
Pp1s364_56V6.1	1		1
Pp1s37_241V6.1	1		1
Pp1s37_39V6.1	1		1
Pp1s37_83V6.1		1	1
Pp1s370_15V6.1	1		1
Pp1s370_61V6.1	1		1
Pp1s373_1V6.1		1	1
Pp1s374_32V6.1	1		1
Pp1s374_50V6.1		1	1
Pp1s376_31V6.1	1		1
Pp1s378_21V6.1		1	1
Pp1s38_137V6.1	1		1
Pp1s38_240V6.1	1		1
Pp1s38_279V6.1	1		1
Pp1s38_353V6.1	1		1
Pp1s38_85V6.1		1	1
Pp1s38_95V6.1	1		1
Pp1s381_17V6.1	1	0	1
Pp1s381_4V6.1	1		1
Pp1s386_20V6.1	1		1
Pp1s39_251V6.1		1	1
Pp1s39_322V6.1	1		1
Pp1s39_357V6.1		1	1
Pp1s39_424V6.1	1		1
Pp1s391_5V6.1	1		1
Pp1s3931_3V6.1	0	1	1
Pp1s396_8V6.1	1		1
Pp1s398_21V6.1	1		1
Pp1s4_12V6.2	1		1
Pp1s4_432V6.1	1		1
Pp1s4_93V6.1	1		1
Pp1s40_191V6.1	1		1
Pp1s40_294V6.1		1	1
Pp1s40_68V6.1	1		1
Pp1s400_12V6.1	1		1
Pp1s400_21V6.1	1		1
Pp1s403_3V6.1	1		1
Pp1s403_53V6.1	1		1
Pp1s404_1V6.1	1		1
Pp1s404_37V6.1	1		1
Pp1s405_35V6.1	1		1
Pp1s41_167V6.1		1	1
Pp1s41_59V6.1	1		1
Pp1s41_62V6.1	1		1
Pp1s4184_1V6.1	1		1
Pp1s42_64V6.1	1		1
Pp1s42_88V6.2	1		1
Pp1s426_14V6.1	1		1
Pp1s427_1V6.1	1		1
Pp1s43_141V6.1	1		1
Pp1s43_181V6.1	1		1
Pp1s43_204V6.1	1		1
Pp1s44_232V6.1	1		1
Pp1s44_238V6.1		1	1
Pp1s44_95V6.1	1		1
Pp1s444_10V6.3	1		1
Pp1s446_8V6.1	1		1
Pp1s45_257V6.1		1	1
Pp1s45_86V6.1	1		1
Pp1s454_1V6.1	1		1
Pp1s457_15V6.1	1		1
Pp1s46_212V6.1	1		1
Pp1s461_1V6.1	1		1
Pp1s47_245V6.2		1	1
Pp1s47_42V6.1	1		1
Pp1s47_78V6.1		1	1
Pp1s47_85V6.1	1		1
Pp1s47_88V6.1	1		1
Pp1s47_94V6.1	1		1
Pp1s479_10V6.1	1		1
Pp1s48_30V6.1	1		1
Pp1s49_209V6.1	1		1
Pp1s49_270V6.1	1		1
Pp1s49_32V6.1	1		1
Pp1s49_46V6.1	1		1
Pp1s5_178V6.1	1	0	1
Pp1s5_297V6.1	1		1
Pp1s5_329V6.1	1		1
Pp1s5_359V6.1	1		1
Pp1s5_399V6.1	1		1
Pp1s50_208V6.1	1		1
Pp1s505_13V6.1	1		1
Pp1s51_166V6.1	1		1
Pp1s51_295V6.1	1		1
Pp1s513_5V6.1		1	1
Pp1s517_3V6.1	1		1
Pp1s519_13V6.1	1		1
Pp1s52_116V6.1	1		1
Pp1s523_11V6.1	1		1
Pp1s53_217V6.1	1		1
Pp1s536_8V6.1	1		1
Pp1s538_1V6.1	1		1
Pp1s539_1V6.1	1		1
Pp1s54_197V6.1	1		1
Pp1s54_243V6.1	1		1
Pp1s54_248V6.1	1		1
Pp1s54_91V6.1	1	0	1
Pp1s540_9V6.1	1		1
Pp1s543_3V6.1	1		1
Pp1s55_173V6.1		1	1
Pp1s55_203V6.1	1		1
Pp1s55_49V6.1	1		1
Pp1s57_27V6.1	1		1
Pp1s58_120V6.1	1		1
Pp1s59_186V6.1	1		1
Pp1s59_1V6.1	1		1
Pp1s59_236V6.1		1	1
Pp1s59_338V6.1		1	1
Pp1s59_343V6.1		1	1
Pp1s6_108V6.1		1	1
Pp1s6_137V6.1	1		1
Pp1s6_148V6.1	1		1
Pp1s6_173V6.1	1		1
Pp1s6_315V6.1	1		1
Pp1s6_407V6.1	1		1
Pp1s6_409V6.1	1		1
Pp1s60_11V6.1		1	1
Pp1s60_162V6.1	1		1
Pp1s60_191V6.1	1		1
Pp1s62_162V6.1	0	1	1
Pp1s62_201V6.2	0	1	1
Pp1s62_204V6.1	1		1
Pp1s62_83V6.1	1		1
Pp1s63_154V6.1	1		1
Pp1s63_200V6.1	1		1
Pp1s64_149V6.1	1		1
Pp1s64_187V6.1	1		1
Pp1s65_181V6.1		1	1
Pp1s65_295V6.1	1		1
Pp1s66_190V6.1	1		1
Pp1s68_105V6.1	1	0	1
Pp1s68_153V6.1	1		1
Pp1s68_297V6.1	1		1
Pp1s68_78V6.1	1		1
Pp1s69_158V6.1	1		1
Pp1s69_191V6.1	1		1
Pp1s698_1V6.1	1		1
Pp1s7_178V6.1	1		1
Pp1s7_338V6.1	1		1
Pp1s7_58V6.1	1		1
Pp1s70_238V6.1	1		1
Pp1s71_136V6.1		1	1
Pp1s71_269V6.1	1		1
Pp1s71_289V6.1	1		1
Pp1s71_353V6.1	1		1
Pp1s73_193V6.1	1		1
Pp1s75_175V6.1	0	1	1
Pp1s75_223V6.1	1		1
Pp1s75_227V6.1	1		1
Pp1s76_146V6.1	1		1
Pp1s76_8V6.1	1		1
Pp1s77_205V6.1	1		1
Pp1s77_262V6.1		1	1
Pp1s77_45V6.1	1		1
Pp1s77_4V6.1	1		1
Pp1s78_69V6.1	1		1
Pp1s79_21V6.1		1	1
Pp1s79_255V6.1	1		1
Pp1s79_49V6.1	1		1
Pp1s795_4V6.1	1		1
Pp1s8_180V6.1	1	0	1
Pp1s8_180V6.2	1		1
Pp1s8_239V6.1		1	1
Pp1s8_311V6.1		1	1
Pp1s8_3V6.1	1		1
Pp1s80_113V6.1	1		1
Pp1s80_92V6.1	1		1
Pp1s81_37V6.1	1		1
Pp1s81_61V6.1	1		1
Pp1s82_101V6.1	1		1
Pp1s83_207V6.1	1		1
Pp1s83_229V6.1	1		1
Pp1s83_28V6.1	1		1
Pp1s84_119V6.1	1		1
Pp1s84_129V6.1	1		1
Pp1s84_131V6.1	1		1
Pp1s84_220V6.1	1		1
Pp1s84_251V6.1	1		1
Pp1s84_50V6.1	1		1
Pp1s85_74V6.1	1		1
Pp1s86_57V6.1	1		1
Pp1s87_109V6.1	1		1
Pp1s87_129V6.1	1		1
Pp1s88_135V6.1	1		1
Pp1s88_217V6.1	1		1
Pp1s88_43V6.1	1		1
Pp1s9_107V6.1	1		1
Pp1s9_201V6.1	1		1
Pp1s9_317V6.1	1		1
Pp1s90_133V6.1	1		1
Pp1s90_174V6.1	1		1
Pp1s90_2V6.1		1	1
Pp1s90_40V6.1	1		1
Pp1s91_109V6.1		1	1
Pp1s91_142V6.1	1		1
Pp1s91_149V6.1	1		1
Pp1s91_192V6.1	1		1
Pp1s91_238V6.1	1		1
Pp1s94_131V6.1	1		1
Pp1s94_48V6.2	1		1
Pp1s95_94V6.1	1		1
Pp1s96_85V6.1	1		1
Pp1s97_109V6.1	1		1
Pp1s98_210V6.1	1		1
Pp1s98_221V6.1	1		1
Pp1s98_36V6.1	1		1
Pp1s99_118V6.1	1		1
Pp1s99_129V6.1	1		1
Pp1s99_250V6.1	1		1
REV_Pp1s104_141V6.1	1		1
REV_Pp1s104_158V6.1	1		1
REV_Pp1s11_157V6.1	1		1
REV_Pp1s110_30V6.1	1		1
REV_Pp1s116_49V6.1	1		1
REV_Pp1s125_58V6.1	1		1
REV_Pp1s131_128V6.1	1	0	1
REV_Pp1s136_182V6.1	1		1
REV_Pp1s136_86V6.1	1		1
REV_Pp1s140_24V6.1		1	1
REV_Pp1s142_6V6.1		1	1
REV_Pp1s146_76V6.1		1	1
REV_Pp1s15_454V6.1		1	1
REV_Pp1s158_178V6.1	1		1
REV_Pp1s158_40V6.1		1	1
REV_Pp1s161_6V6.1		1	1
REV_Pp1s162_142V6.1	1		1
REV_Pp1s166_101V6.1	1		1
REV_Pp1s17_22V6.1	1		1
REV_Pp1s2_238V6.1	1		1
REV_Pp1s2_442V6.1	1		1
REV_Pp1s2_539V6.1		1	1
REV_Pp1s20_6V6.1	1		1
REV_Pp1s210_54V6.1	1		1
REV_Pp1s212_107V6.1		1	1
REV_Pp1s223_25V6.1	1		1
REV_Pp1s23_35V6.1	1		1
REV_Pp1s241_59V6.1	1		1
REV_Pp1s253_27V6.1	1		1
REV_Pp1s300_46V6.1	1		1
REV_Pp1s302_9V6.1	1		1
REV_Pp1s31_210V6.1	1		1
REV_Pp1s316_24V6.1	1		1
REV_Pp1s322_34V6.1	1		1
REV_Pp1s338_32V6.1		1	1
REV_Pp1s34_456V6.1	1		1
REV_Pp1s341_28V6.1		1	1
REV_Pp1s344_26V6.2	1		1
REV_Pp1s357_51V6.1		1	1
REV_Pp1s364_8V6.1	1		1
REV_Pp1s375_27V6.1	1		1
REV_Pp1s38_226V6.1	1		1
REV_Pp1s381_4V6.1	1		1
REV_Pp1s39_121V6.1	1		1
REV_Pp1s405_35V6.1		1	1
REV_Pp1s452_20V6.1	1		1
REV_Pp1s46_235V6.1	1		1
REV_Pp1s47_35V6.1	1		1
REV_Pp1s509_1V6.1	1		1
REV_Pp1s523_11V6.1		1	1
REV_Pp1s53_93V6.1	1	0	1
REV_Pp1s540_11V6.1	1		1
REV_Pp1s56_187V6.1	1		1
REV_Pp1s59_78V6.1	1		1
REV_Pp1s6_158V6.1	1		1
REV_Pp1s60_190V6.1		1	1
REV_Pp1s64_211V6.1	1		1
REV_Pp1s65_111V6.1	1		1
REV_Pp1s68_143V6.1	0	1	1
REV_Pp1s69_14V6.1	1		1
REV_Pp1s69_190V6.1	1		1
REV_Pp1s69_29V6.1	1		1
REV_Pp1s70_278V6.1	1		1
REV_Pp1s78_20V6.1	1		1
REV_Pp1s79_128V6.1		1	1
REV_Pp1s79_193V6.1	1		1
REV_Pp1s79_194V6.1	1		1
REV_Pp1s8_120V6.1	1		1
REV_Pp1s80_198V6.1	1		1
REV_Pp1s85_156V6.1	1		1
REV_Pp1s9_137V6.1	1		1
REV_Pp1s91_120V6.1	1		1
REV_Pp1s92_7V6.1	1		1
REV_tr|A9REB0|A9REB0_PHYPA		1	1
REV_tr|A9RIL4|A9RIL4_PHYPA	0	1	1
REV_tr|A9RQR5|A9RQR5_PHYPA	1		1
REV_tr|A9RT86|A9RT86_PHYPA		1	1
REV_tr|A9RYL6|A9RYL6_PHYPA	1		1
REV_tr|A9RZP2|A9RZP2_PHYPA	1		1
REV_tr|A9S0H3|A9S0H3_PHYPA	1		1
REV_tr|A9S3F1|A9S3F1_PHYPA	1		1
REV_tr|A9S3F3|A9S3F3_PHYPA	1		1
REV_tr|A9S3Q1|A9S3Q1_PHYPA	1		1
REV_tr|A9S6A5|A9S6A5_PHYPA	1		1
REV_tr|A9S8Q5|A9S8Q5_PHYPA	1		1
REV_tr|A9SA67|A9SA67_PHYPA		1	1
REV_tr|A9SAB4|A9SAB4_PHYPA	1		1
REV_tr|A9SAV8|A9SAV8_PHYPA	1		1
REV_tr|A9SH48|A9SH48_PHYPA	1		1
REV_tr|A9T0G8|A9T0G8_PHYPA		1	1
REV_tr|A9TCC5|A9TCC5_PHYPA	1	0	1
REV_tr|A9TG48|A9TG48_PHYPA	1		1
REV_tr|A9TN25|A9TN25_PHYPA	1		1
REV_tr|A9TNK7|A9TNK7_PHYPA		1	1
REV_tr|A9TTR5|A9TTR5_PHYPA	1		1
REV_tr|A9U3F2|A9U3F2_PHYPA	1		1
tr|A9RJF7|A9RJF7_PHYPA	1		1
tr|A9RQK3|A9RQK3_PHYPA	1		1
tr|A9S3W1|A9S3W1_PHYPA	1		1
tr|A9S5D6|A9S5D6_PHYPA		1	1
tr|A9S670|A9S670_PHYPA	1		1
tr|A9S9N4|A9S9N4_PHYPA	1		1
tr|A9SBQ1|A9SBQ1_PHYPA		1	1
tr|A9SE39|A9SE39_PHYPA	1		1
tr|A9SM20|A9SM20_PHYPA		1	1
tr|A9SMP6|A9SMP6_PHYPA	1		1
tr|A9SN81|A9SN81_PHYPA	1		1
tr|A9STA9|A9STA9_PHYPA	1		1
tr|A9STU9|A9STU9_PHYPA		1	1
tr|A9T312|A9T312_PHYPA	0	1	1
tr|A9T8I9|A9T8I9_PHYPA		1	1
tr|A9TA39|A9TA39_PHYPA	1		1
tr|A9THB3|A9THB3_PHYPA	1		1
tr|A9THM7|A9THM7_PHYPA	1		1
tr|A9TK13|A9TK13_PHYPA	1		1
tr|A9U1D2|A9U1D2_PHYPA	1		1
tr|A9U586|A9U586_PHYPA	1		1
tr|A9U6R3|A9U6R3_PHYPA	1		1
tr|A9U745|A9U745_PHYPA	1		1
tr|A9U7L0|A9U7L0_PHYPA	1		1
tr|A9U7P4|A9U7P4_PHYPA	1		1
tr|Q1XGA6|Q1XGA6_PHYPA	1		1
tr|Q1XGD0|Q1XGD0_PHYPA	1		1
