protein_id	pep_num	F163	F164	F165	F166	F167	F168	F169
Pp1s100_61V6.1	1	23422	29171	13794	54865	33895	23551	9728
Pp1s101_184V6.1	2	881114	865971	905622	827238	826450	825662	819088
Pp1s101_240V6.1	1	65460	74642	79433	40990	48077	50588	42466
Pp1s101_241V6.1	2	118835	138958	178510	84436	105753	113728	77999
Pp1s102_181V6.1	2	358566	356117	328055	401379	443440	509646	539111
Pp1s103_66V6.1	1	51389	139075	93536	109345	174700	368821	124032
Pp1s104_98V6.1	2	68378	68828	92352	20477	17962	16262	23837
Pp1s109_90V6.1	1	104876	83388	103933	39400	35188	48681	44190
Pp1s10_194V6.1	1	94798	104068	112724	89163	96722	94822	77263
Pp1s10_393V6.1	3	440661	483373	528432	531823	601214	673233	572295
Pp1s10_47V6.1	1	727361	574017	497892	354972	291825	257362	364390
Pp1s114_123V6.2	1	370358	454520	412801	322040	343718	195966	131072
Pp1s114_138V6.1	3	3525005	3416704	3298738	3170340	2946661	2845276	3230887
Pp1s114_157V6.1	1	19707	33460	20816	23429	26702	18593	14637
Pp1s114_95V6.1	2	172252	179297	143837	179193	171145	148135	188579
Pp1s115_12V6.1	1	40893	41234	45489	55000	54003	25993	62050
Pp1s115_193V6.1	2	295973	288240	306888	271443	249929	191253	225283
Pp1s116_33V6.1	1	106227	116798	95247	93742	258308	543123	391654
Pp1s116_53V6.1	3	513096	697204	688643	705290	932044	822836	895695
Pp1s118_166V6.1	3	8416220	8137371	7641637	3286655	3126325	2135250	2743058
Pp1s119_57V6.1	3	696531	886653	704972	520514	529787	375372	284109
Pp1s11_340V6.1	1	151550	142906	190998	63098	87052	57476	66650
Pp1s11_357V6.2	1	71487	109716	93186	89626	80179	61320	37577
Pp1s120_164V6.1	1	338360	472043	424927	411720	485650	713963	480862
Pp1s120_21V6.1	3	461775	421794	514487	574361	667282	641138	636884
Pp1s122_165V6.1	1	27394	29886	32493	17026	19591	11019	12300
Pp1s123_144V6.1	3	556552	607580	430801	512815	526729	619763	586638
Pp1s123_43V6.1	3	3099673	3010985	3241197	1538636	1502830	912582	1456793
Pp1s123_97V6.1	3	5402944	5019067	6207282	2284266	2154603	2145653	2413000
Pp1s125_47V6.1	1	126131	121967	81308	76128	58579	69750	81852
Pp1s125_61V6.1	1	211785	194752	194588	80522	82801	70855	105992
Pp1s126_81V6.1	3	1162517	1433990	1226693	1347514	1419874	997376	905569
Pp1s127_105V6.1	2	336358	394882	285915	342777	303557	206057	153113
Pp1s12_315V6.1	3	644230	730387	661832	639161	660015	601657	719197
Pp1s12_371V6.2	1	18139	23171	28966	21978	28707	28816	22819
Pp1s12_401V6.1	3	341669	410263	468756	651840	610807	670645	780428
Pp1s12_40V6.1	3	1157679	1444347	1685878	1628942	1717266	1523072	1562620
Pp1s12_44V6.1	2	470545	481317	424584	271539	311871	284656	267296
Pp1s130_293V6.1	1	32976	30230	40036	26782	34074	25197	37972
Pp1s131_104V6.1	3	541682	739639	630240	308054	324183	151141	137916
Pp1s131_184V6.1	3	1212589	1264802	1009431	428203	570997	811265	783956
Pp1s131_4V6.1	3	879580	955772	1048389	1056863	1176038	924955	1031388
Pp1s132_175V6.1	3	402426	438201	311945	534707	588966	903616	557420
Pp1s132_186V6.1	2	428647	439830	389261	327027	276038	386431	244438
Pp1s133_65V6.1	1	133166	115487	126566	70790	66373	52348	67157
Pp1s134_68V6.1	2	579205	536790	613374	172023	171567	90465	122743
Pp1s135_79V6.1	2	2197739	1916121	1943093	955941	725867	1102312	811266
Pp1s136_198V6.1	3	170954	170843	154467	165095	187436	230891	178395
Pp1s136_41V6.1	3	832765	811568	852920	477332	509139	408583	441666
Pp1s137_140V6.1	1	216084	223424	235472	338529	602042	425298	286451
Pp1s137_165V6.1	2	67332	95865	75897	66256	73673	68682	72715
Pp1s137_78V6.1	1	150381	157024	163883	170882	181267	167659	169043
Pp1s137_86V6.1	3	1369875	1538726	1535500	1469935	1519603	1720097	1760713
Pp1s139_3V6.1	2	640874	631085	744782	648167	614129	512491	758676
Pp1s13_127V6.2	1	447933	424334	406213	391549	317504	261287	442576
Pp1s13_200V6.1	1	5176513	5778323	2449601	2339423	1671369	2177768	786882
Pp1s13_231V6.1	1	80815	96247	63640	50682	42914	39371	23502
Pp1s13_387V6.1	1	370017	327762	285903	323921	268620	220646	380223
Pp1s13_392V6.1	2	225574	252132	873860	117129	121089	117486	147455
Pp1s13_430V6.1	2	452183	494700	404779	206322	221957	146091	151499
Pp1s140_22V6.1	3	763966	768261	852518	535168	483594	350361	499310
Pp1s140_7V6.1	2	333663	332135	413898	180768	116098	257971	842970
Pp1s141_8V6.1	3	3159482	4122705	3948672	2135001	2025642	1573938	1612226
Pp1s143_175V6.1	3	1723916	1855693	1370534	1148432	1085446	927912	803733
Pp1s144_126V6.1	1	6152	9069	8624	8994	12574	14936	11460
Pp1s144_58V6.1	2	303355	421704	471672	341291	388990	356645	382236
Pp1s145_122V6.1	2	2479273	2455935	3107146	608134	562836	359498	438114
Pp1s146_112V6.1	2	568951	858732	675453	531167	488409	396921	249867
Pp1s146_98V6.1	3	1013270	1041435	1079492	964819	997790	1105347	982086
Pp1s149_289V6.1	3	255812	299506	279902	419791	453159	307900	372777
Pp1s14_298V6.1	3	1787281	1555756	1689885	1781353	1947081	1595657	1887070
Pp1s14_358V6.1	3	1049895	1111977	2177646	459303	529696	447275	449723
Pp1s14_40V6.1	1	274704	240401	233398	231109	192321	157305	236488
Pp1s150_124V6.1	3	302605	343300	244919	336040	277631	236965	196832
Pp1s150_85V6.1	1	447465	411413	426107	320626	294521	251719	326282
Pp1s153_72V6.1	1	647217	662288	708598	607360	539595	365257	467701
Pp1s155_1V6.1	1	97331	64409	81076	215366	186098	128002	165641
Pp1s156_109V6.1	2	219182	243604	287114	110061	126194	80138	111908
Pp1s156_30V6.1	3	2221066	2661138	2245488	1054329	1133370	777079	622532
Pp1s156_44V6.1	1	279049	351845	260111	439240	497084	421420	390164
Pp1s156_45V6.1	1	678698	711379	552767	245751	195740	136203	126303
Pp1s158_109V6.1	1	137061	278015	312134	139890	142155	135461	142567
Pp1s159_143V6.1	2	165638	205643	177386	444851	378662	300524	469701
Pp1s159_2V6.1	2	362419	398769	358012	210144	212162	131146	120047
Pp1s15_267V6.1	3	920507	950381	1060186	323184	378825	207776	278088
Pp1s15_317V6.1	1	466100	437746	464947	221393	198338	116652	199226
Pp1s15_393V6.1	3	918385	868829	800411	850238	742705	536218	684283
Pp1s15_434V6.1	1	81870	81583	73220	87835	87548	46482	50622
Pp1s160_127V6.1	2	207963	232657	240567	100377	100588	117645	110485
Pp1s160_136V6.1	1	197036	203091	233541	193322	229070	217068	214842
Pp1s160_137V6.1	3	1661105	1474094	1155671	908783	687301	537524	642075
Pp1s160_79V6.1	2	501214	489333	500423	236586	223640	185949	254707
Pp1s161_120V6.1	3	2485912	2279199	2528291	1349990	1337595	1202580	1367824
Pp1s161_69V6.1	3	1379702	1554356	1598465	864735	893834	567534	746977
Pp1s162_10V6.1	3	965507	1008884	1007373	782602	781792	864440	848292
Pp1s163_57V6.1	1	23035	28213	415700	11108	13292	8261	10702
Pp1s164_93V6.1	3	562358	651216	478849	238263	233948	374899	282109
Pp1s169_113V6.1	1	108166	93483	114798	55430	49455	44924	57282
Pp1s169_50V6.1	3	240862	247988	241232	276452	262568	242231	279556
Pp1s16_27V6.1	2	131235	203801	347172	66923	76208	51769	32544
Pp1s16_358V6.1	3	461440	779194	881514	860911	1029326	788083	868388
Pp1s16_378V6.1	1	252031	295464	382894	157298	185878	110155	175070
Pp1s171_150V6.1	2	445157	553418	330861	345405	435818	738839	520008
Pp1s172_23V6.1	3	1030710	1089618	887489	946541	812125	713039	703231
Pp1s173_105V6.1	1	262638	216682	193044	129195	117020	111747	140649
Pp1s17_101V6.1	3	567818	586399	594196	660747	649217	737619	715000
Pp1s17_59V6.1	3	3949453	3828126	4490430	3603218	3635323	2192473	3214859
Pp1s181_117V6.1	3	147385	173870	211817	178947	192383	143080	138404
Pp1s181_3V6.1	1	202542	171398	223404	259520	243009	121950	223649
Pp1s182_26V6.1	3	2942561	4417228	2778806	3840841	4150305	3426870	1814356
Pp1s185_119V6.1	3	571358	655207	505080	685371	605108	642765	533299
Pp1s186_83V6.1	2	214267	443857	513359	469440	593425	685571	452881
Pp1s188_15V6.1	3	523917	638813	680987	581389	617843	478277	653388
Pp1s188_39V6.1	2	10085811	12562613	11156101	12324855	10482743	14489560	12562676
Pp1s189_77V6.2	1	161882	222570	249065	193502	240630	241182	214385
Pp1s189_99V6.1	3	466817	415986	405895	313095	280124	235420	282787
Pp1s18_23V6.1	2	1552199	1543705	1098912	1229859	1324611	1506331	1216984
Pp1s190_104V6.1	3	1835321	1829570	2029782	1155239	1109220	862471	846233
Pp1s190_86V6.1	2	359428	396687	482317	435714	443012	311525	463615
Pp1s191_84V6.1	1	109756	138096	145561	129085	113705	145496	125426
Pp1s191_98V6.1	1	81024	113328	164889	58268	80174	68724	65845
Pp1s192_6V6.1	1	67426	59955	61293	39679	36798	34485	49057
Pp1s195_41V6.1	3	1429837	1467888	1423692	1509136	1436665	1001588	1345298
Pp1s196_10V6.1	1	21001	20743	20708	23541	19282	26536	25941
Pp1s196_68V6.1	3	3083971	3421996	3180078	3031811	3057800	3285556	3924511
Pp1s196_76V6.1	2	447045	629441	648214	498133	555247	629176	584961
Pp1s197_46V6.1	1	215570	221367	230996	95954	115767	105732	97620
Pp1s197_56V6.2	1	144200	168997	147481	150518	156871	184654	135683
Pp1s198_147V6.1	3	397233	422588	448317	195567	145649	130225	160930
Pp1s198_22V6.1	1	97109	81417	76380	78681	62764	58193	87804
Pp1s198_42V6.1	3	640085	714299	655658	299668	310476	270105	294770
Pp1s198_60V6.1	1	11934	14571	20390	16197	19547	19369	16538
Pp1s199_101V6.1	2	302276	329856	370448	366353	372350	322569	356510
Pp1s199_145V6.1	3	1848448	1569828	1492867	1262085	1092282	1516487	1390312
Pp1s199_33V6.1	1	28205	31597	27607	66808	45419	66070	52116
Pp1s19_202V6.1	1	47300	77964	349597	59563	73675	32072	32234
Pp1s1_230V6.1	1	54013	51786	45751	56192	44353	20003	49073
Pp1s1_295V6.1	3	2372372	1992561	2311634	2815094	2198686	2492101	2519615
Pp1s1_461V6.1	3	5133534	6348649	5063160	5521126	7426529	8953348	6946072
Pp1s1_515V6.1	2	229852	217725	234233	196171	202829	164985	203745
Pp1s1_534V6.1	1	95200	113039	161851	61301	64101	21950	30428
Pp1s1_636V6.1	2	145692	132718	185091	142625	139092	91874	120298
Pp1s1_765V6.1	1	26106	54504	18259	21790	13981	19723	7830
Pp1s200_69V6.1	1	501744	707672	423142	733740	817385	988973	496185
Pp1s201_15V6.1	1	168497	133075	99763	75025	65640	76985	108591
Pp1s201_6V6.1	2	247529	256381	234358	597392	638300	580706	422370
Pp1s201_84V6.1	1	26725	24132	30509	50269	53231	31014	43457
Pp1s201_89V6.1	1	59677	71173	56450	53420	47740	76687	50758
Pp1s204_121V6.1	3	1047972	985734	1035823	493247	561586	473829	552407
Pp1s207_101V6.1	1	202827	208932	158558	199213	175715	122099	111274
Pp1s207_90V6.1	3	257872	320846	544283	232649	268460	118708	124243
Pp1s20_14V6.1	2	329075	503575	408799	254443	236814	167097	139558
Pp1s20_273V6.1	2	656163	824821	403971	537679	476285	449959	528917
Pp1s20_284V6.1	3	1922272	2606345	3226227	1971835	826734	884602	1469158
Pp1s20_67V6.1	3	589298	520247	549594	618591	588680	506355	608645
Pp1s210_69V6.1	1	478122	406021	402517	263485	232830	175822	278342
Pp1s210_98V6.1	1	11161	8805	13835	6377	7690	6222	5576
Pp1s211_10V6.1	2	112259	133710	318015	66961	87416	81924	73303
Pp1s211_59V6.1	3	3473850	3038388	3250627	1849734	1991702	2090872	1965428
Pp1s212_44V6.1	3	1894446	2265437	2535011	2082453	2270009	3326430	2663583
Pp1s213_80V6.1	3	1764101	4371114	4832693	3117920	3312937	3235197	3394176
Pp1s213_9V6.1	3	423560	467401	336243	333063	255040	261062	245741
Pp1s214_32V6.1	2	158021	197859	174947	326867	383999	414150	305253
Pp1s215_83V6.2	1	147433	169229	142163	84413	80817	53636	31334
Pp1s218_93V6.1	1	126907	175638	167976	240048	249190	148914	140937
Pp1s21_137V6.1	2	300966	385547	409676	252785	326853	399815	293546
Pp1s21_139V6.1	1	36765	83936	209799	51847	63734	65420	62940
Pp1s21_270V6.1	3	1002799	999689	1006800	1495690	1707105	1369712	1307855
Pp1s21_393V6.1	1	159433	227767	181834	187892	197568	160010	109046
Pp1s21_407V6.1	2	1004011	962618	839924	736279	624059	585172	677359
Pp1s222_129V6.1	1	155800	192210	197754	93225	97167	73188	84434
Pp1s223_15V6.1	1	374163	327053	325708	196013	162454	133513	300291
Pp1s223_50V6.1	2	970027	1086408	868602	507850	468949	550549	591216
Pp1s223_97V6.1	2	437064	461872	542893	408236	359883	363546	465229
Pp1s225_24V6.1	1	346382	404802	525463	215568	275209	206347	238091
Pp1s227_133V6.1	3	6472355	6215129	5702440	3511847	3253710	2337190	2461369
Pp1s227_66V6.1	3	460066	485109	469188	613955	542136	560931	600488
Pp1s228_3V6.1	3	1426862	1448732	1451091	1798421	1642269	1773297	1915773
Pp1s229_29V6.1	2	289785	307874	298350	202783	191873	160562	214431
Pp1s230_36V6.1	3	426537	409474	408566	398435	450705	255056	197472
Pp1s230_42V6.1	3	989873	795245	949285	393784	396533	243627	349830
Pp1s233_104V6.1	3	4158460	4123497	4403431	3265373	3047890	2472125	3705246
Pp1s234_66V6.1	3	907851	836634	843339	591041	545244	622746	617215
Pp1s239_45V6.1	1	266410	313030	339591	248046	272013	172757	191678
Pp1s23_102V6.1	1	32023	41446	33779	32867	30338	29129	31700
Pp1s23_111V6.1	1	90481	82586	100521	57067	60919	37173	59338
Pp1s23_50V6.1	3	644553	677351	648893	691077	736692	528480	667545
Pp1s241_27V6.1	1	152274	233626	258402	271031	255734	308859	260856
Pp1s241_32V6.1	2	158132	174310	207721	171033	235297	189496	225385
Pp1s241_33V6.1	1	4134444	4363850	4113422	3104966	3129816	3207249	3312228
Pp1s245_2V6.1	3	505118	590907	463792	700776	813808	790564	664784
Pp1s247_41V6.1	1	130931	154326	190424	218266	283693	283199	226159
Pp1s247_7V6.1	1	36892	93908	93498	37114	36906	48475	46538
Pp1s249_62V6.1	1	435352	393087	569587	138652	140113	73398	101521
Pp1s249_94V6.1	1	453874	452910	563972	302092	335770	263707	336025
Pp1s24_254V6.1	1	432117	387199	410732	583715	517445	523900	511262
Pp1s24_39V6.1	1	69581	200652	135131	48150	48939	70130	30206
Pp1s251_36V6.2	1	358892	422030	366523	174312	172406	121406	88496
Pp1s252_28V6.1	1	94196	133884	61559	57349	32167	30277	11033
Pp1s252_87V6.1	1	54126	67001	72742	57594	64525	86984	79183
Pp1s254_25V6.1	3	33807811	38829946	30132045	23857681	23482480	23078155	18402627
Pp1s254_3V6.1	1	5667626	5403499	6641855	1711972	1663517	2123308	2167227
Pp1s255_17V6.1	2	141261	164228	571120	82479	85080	47499	91062
Pp1s257_45V6.1	3	4741664	5536150	5687677	9849332	9326221	8288967	9556482
Pp1s25_170V6.1	1	159002	144795	139070	175378	148460	119681	203735
Pp1s25_204V6.1	2	510429	552069	480485	252841	240014	176064	156753
Pp1s25_21V6.1	3	626338	598343	551451	249795	250692	226101	246799
Pp1s25_261V6.1	1	93479	94632	123047	116936	107956	82402	104195
Pp1s25_336V6.1	1	106067	102621	144108	105216	131600	103878	106393
Pp1s25_8V6.1	1	139829	137440	138977	110221	103843	93493	140104
Pp1s260_24V6.1	2	206042	192814	182256	198249	188290	186803	177815
Pp1s260_4V6.1	1	82397	98820	84869	82357	94772	91949	95275
Pp1s263_35V6.1	1	104999	90195	132539	15585	13641	18136	23271
Pp1s263_36V6.1	3	528251	598585	556611	435198	451714	413713	417254
Pp1s264_55V6.1	3	7078161	6880877	7323306	6529736	6538479	2703876	6365158
Pp1s268_34V6.1	1	501001	550586	597149	281786	276566	250108	241541
Pp1s268_67V6.1	2	307971	288255	362451	347378	317987	281317	530197
Pp1s269_70V6.1	1	311948	348377	364898	302911	360538	271324	310434
Pp1s26_23V6.1	2	149000	162079	139700	98149	91660	70559	74448
Pp1s26_26V6.1	3	458583	455632	437962	312911	398516	667004	462119
Pp1s26_285V6.2	1	40829	43066	31487	26236	25333	17771	15700
Pp1s26_83V6.1	1	87698	83209	81920	65043	59158	57616	92436
Pp1s270_28V6.1	1	23250	22713	23523	23512	24005	22526	23339
Pp1s270_50V6.1	1	131909	152398	888005	70668	71816	42958	33880
Pp1s270_57V6.1	2	1427455	1080493	1338208	340298	379744	530134	429689
Pp1s272_58V6.1	1	60248	85698	80477	97484	103296	82370	106968
Pp1s275_19V6.1	1	139750	152277	142037	89021	101716	76537	69661
Pp1s276_108V6.1	1	298922	412735	335408	310413	344063	233849	162040
Pp1s276_86V6.1	3	513995	518337	574749	827886	797465	640689	759979
Pp1s277_34V6.1	1	130620	116152	123451	67658	63749	36899	61552
Pp1s27_130V6.1	2	1582295	1744569	1610276	1033059	1012577	1064838	978497
Pp1s27_256V6.1	1	94409	106812	114353	68066	67424	39245	43607
Pp1s27_266V6.1	1	37075	46852	159115	32152	35051	35062	38015
Pp1s27_97V6.1	2	6585707	4129174	2404740	1770886	1861507	1531830	1701848
Pp1s284_6V6.1	1	518989	388030	673113	182416	244553	217555	212387
Pp1s286_14V6.1	3	419446	416124	375313	310901	321727	290255	320528
Pp1s287_61V6.2	2	6286070	7521892	5322894	3138131	3205571	3646999	2901044
Pp1s28_231V6.1	1	222132	208800	164550	172590	142864	87442	148707
Pp1s28_268V6.1	1	75741	106503	122821	105369	111517	91861	113940
Pp1s28_304V6.1	3	2166008	2419176	2436748	1125047	1156224	1079721	1026519
Pp1s28_391V6.1	1	124961	102263	162949	33828	31494	19698	42979
Pp1s290_40V6.1	3	607790	642865	643001	695306	607991	478231	680088
Pp1s291_38V6.1	1	344976	395667	550207	313932	360205	263986	359145
Pp1s291_43V6.1	3	1921373	1733424	1707526	1525856	1473799	1227056	1466709
Pp1s291_44V6.1	2	613507	690974	642024	456651	433135	305518	333330
Pp1s292_64V6.1	3	608805	808057	1171212	405995	447507	299982	352955
Pp1s295_46V6.1	3	242986	240709	334516	269102	327318	266902	274845
Pp1s295_55V6.1	2	358974	301034	279369	120964	119960	129673	136921
Pp1s2_195V6.1	1	45747	48318	47732	30801	30455	27949	29844
Pp1s2_62V6.1	3	694037	725837	638530	424844	403543	305390	354942
Pp1s300_1V6.1	3	1336888	1752196	1448145	1468623	1525877	1265078	1166199
Pp1s303_24V6.1	3	414252	436037	431857	156494	162909	130183	175381
Pp1s303_55V6.1	1	225641	202590	214570	170843	144161	132011	184746
Pp1s306_84V6.1	2	30578929	28294391	29371197	15203840	15348623	12354092	12963781
Pp1s307_64V6.1	2	177729	252100	335164	219576	229149	200745	243289
Pp1s307_65V6.1	1	28897	34852	22074	49038	65445	42601	68109
Pp1s309_84V6.1	1	500201	454478	456104	350678	328642	372793	311928
Pp1s30_253V6.1	1	311545	276778	224487	199472	208330	178738	197177
Pp1s30_345V6.1	1	84316	110069	104999	190287	210207	156181	183463
Pp1s30_39V6.1	3	9035694	8607391	8680569	4657679	4531482	4132590	5054449
Pp1s315_42V6.1	3	337535	297118	307657	220162	239069	205493	225207
Pp1s317_25V6.1	3	387372	474596	350787	372575	426449	411177	301185
Pp1s317_51V6.1	1	191458	220199	229032	109835	123779	94668	108114
Pp1s318_21V6.1	1	20724	19772	14772	13724	12122	13743	10527
Pp1s319_36V6.1	1	129625	212926	66106	54468	39692	32273	14228
Pp1s319_46V6.1	3	1785059	1677134	1844455	1408457	1229771	1154930	1500811
Pp1s31_124V6.1	1	18053	20159	11757	16497	19272	21426	14128
Pp1s31_128V6.1	2	136369	150659	149121	356349	403097	205688	254185
Pp1s31_253V6.1	1	29890	29641	19242	9583	7507	5692	6890
Pp1s323_86V6.1	1	174255	161644	148747	184028	167985	135481	200223
Pp1s326_65V6.1	1	68873	103689	80200	67614	81445	69587	49294
Pp1s32_313V6.1	3	1267184	1352992	1028738	1249368	1001630	922354	947599
Pp1s330_37V6.1	2	1011093	2020699	2317817	975114	1107198	1081344	1220064
Pp1s331_37V6.1	2	312875	327274	305199	326229	314190	385985	409301
Pp1s332_33V6.1	2	127159	144943	167405	186310	239314	244601	152807
Pp1s334_17V6.1	1	2529712	2800153	2723303	1192393	903863	655913	974003
Pp1s336_22V6.1	2	2224762	2317421	2361865	921423	950193	552954	472474
Pp1s336_44V6.1	3	994023	1036159	966127	771036	775574	814640	856118
Pp1s339_13V6.1	1	174808	158884	139131	175519	158790	108420	168053
Pp1s339_66V6.1	1	138367	227190	311821	85132	70341	75406	53170
Pp1s33_144V6.1	1	30532	25802	21809	24742	22746	33842	42010
Pp1s33_172V6.1	3	690310	701404	744549	634194	576062	473606	693998
Pp1s33_280V6.1	1	83272	86093	104501	104010	114268	100488	115407
Pp1s33_287V6.1	3	157099	201261	172675	85494	86315	74977	74058
Pp1s33_311V6.1	1	86437	117560	103591	143216	152810	114474	90485
Pp1s33_47V6.1	1	18786	16822	15449	7586	8039	11672	11142
Pp1s33_7V6.1	2	3237989	3178327	3262208	3036224	3150639	3725499	2818178
Pp1s341_38V6.1	2	163048	135383	163951	139795	146421	124690	142242
Pp1s341_42V6.1	1	228939	244813	219203	226714	221314	222241	181774
Pp1s342_34V6.1	1	24951	25639	33401	13243	14387	11866	14854
Pp1s343_21V6.1	3	879351	964089	1125109	1091839	1124354	957690	1065909
Pp1s343_26V6.1	3	897681	1064414	1016993	412744	455821	387210	350800
Pp1s347_12V6.1	1	297798	375695	299680	289820	303574	177267	178364
Pp1s347_25V6.1	1	166792	173529	208468	81136	83149	80528	80373
Pp1s347_30V6.1	2	373564	424577	414466	176107	202619	144845	144996
Pp1s34_178V6.1	1	1051928	1072262	969323	1240966	1221856	1004643	1204192
Pp1s351_30V6.1	3	1957908	2242181	1786874	1009952	1027113	1172167	1147926
Pp1s352_4V6.1	3	636215	582601	691864	680689	858117	782963	769984
Pp1s352_68V6.1	3	772096	692733	881249	588088	644038	487176	534364
Pp1s354_15V6.1	1	111015	103742	100781	98337	100924	141430	123521
Pp1s358_49V6.1	1	245739	265374	482194	294153	277483	178931	247243
Pp1s359_40V6.1	2	115749	119322	100811	101344	105706	89176	99478
Pp1s35_234V6.1	3	1041672	1807593	1404098	414834	502656	506371	551393
Pp1s35_78V6.1	3	11528161	10612253	9417781	5691914	4372315	4827964	6075753
Pp1s35_94V6.1	2	721753	500595	815341	465523	450002	347920	445983
Pp1s363_23V6.1	3	203110	255514	179914	212540	197944	190858	133461
Pp1s367_8V6.1	1	54586	54959	72692	79432	71354	56047	70099
Pp1s369_27V6.1	3	206818	215860	208000	129527	122415	132526	138186
Pp1s36_3V6.1	3	451041	486079	587155	352878	351355	249610	336569
Pp1s372_16V6.1	2	975434	723725	879205	396880	434664	297061	451663
Pp1s372_19V6.1	2	576290	536427	483572	687585	759960	878587	842828
Pp1s372_25V6.1	3	1054961	1052578	988667	616498	503893	466634	553887
Pp1s373_37V6.1	3	1548801	1519528	1751980	899917	813965	584158	747081
Pp1s378_41V6.1	1	185829	163716	129854	217396	106470	72797	144312
Pp1s379_40V6.1	2	701458	909049	950333	715651	661651	491942	579846
Pp1s37_111V6.2	2	359647	450832	423974	374038	402560	208860	194511
Pp1s37_298V6.1	1	34328	50195	29818	62487	41254	25204	13178
Pp1s37_309V6.1	3	285016	329862	366396	305583	335592	243175	274100
Pp1s37_33V6.2	1	70415	60041	67961	90997	78181	32161	59252
Pp1s37_50V6.1	2	85991	97302	116166	122424	131088	112392	67056
Pp1s382_41V6.1	3	372249	387560	271024	370657	358407	264998	359412
Pp1s386_21V6.1	3	237025	276272	284991	286918	274788	271825	316049
Pp1s38_198V6.1	1	69011	72808	55073	81603	78259	67614	71432
Pp1s38_300V6.1	2	381228	385310	404593	928112	961485	748012	637975
Pp1s396_19V6.1	1	217258	278990	290973	136326	176563	134043	121856
Pp1s39_367V6.1	1	705079	824788	880145	339790	365248	431813	384372
Pp1s39_428V6.1	2	55541	58647	45311	124772	148131	101130	109482
Pp1s3_320V6.1	1	520358	579454	617319	546493	524232	355559	476088
Pp1s3_343V6.1	2	1420117	1491601	1871494	1772827	1754935	1247935	1984787
Pp1s3_520V6.1	3	59637051	55394906	52395476	37466122	33284720	31864511	37344011
Pp1s3_572V6.1	1	83136	68740	73290	72536	69824	59317	81098
Pp1s402_22V6.1	2	573264	656826	760042	331693	401546	395542	235223
Pp1s405_31V6.1	3	1353166	1357333	1510359	1450541	1384299	1175026	1603256
Pp1s407_2V6.1	3	2086013	1956826	1902423	2064216	1995009	1920593	2670122
Pp1s40_17V6.1	3	11273741	10193748	8146019	7317289	5525763	5966518	5890258
Pp1s40_304V6.1	2	323263	399302	315444	376536	344677	266056	220184
Pp1s414_8V6.1	1	160367	159891	168326	198151	189890	172009	133166
Pp1s419_6V6.1	3	634830	790505	719242	636207	586344	341940	383998
Pp1s41_162V6.1	3	71374	65921	40788	101671	56621	69395	44603
Pp1s41_264V6.1	1	107620	199400	187438	48003	24545	30277	17309
Pp1s41_281V6.1	3	4161252	6775693	5987749	6747953	7175432	5863008	6057979
Pp1s421_3V6.1	3	43106470	40471027	38232181	22296049	21552292	19325270	22290083
Pp1s424_33V6.1	3	4371565	4456787	7519388	1868460	1693608	2011039	1893561
Pp1s429_29V6.1	1	668550	676725	360343	703198	409790	527906	403172
Pp1s429_7V6.1	1	76075	76270	64684	64355	46632	36772	49353
Pp1s42_208V6.1	3	3878414	3721535	4449693	1623622	1456856	1088245	1381629
Pp1s43_120V6.1	2	1442173	1492172	6875999	516132	608309	714771	517020
Pp1s43_232V6.1	2	129487	129104	139222	138405	127912	103110	123238
Pp1s43_32V6.1	1	312972	408463	460997	131167	327370	334018	440769
Pp1s43_48V6.1	3	634645	581993	686061	681154	672844	642831	823472
Pp1s44_268V6.1	3	1102759	1108639	1185357	1166361	1087340	1136944	1115100
Pp1s44_78V6.1	3	1100513	1686031	1362943	673127	755286	490406	242280
Pp1s450_1V6.1	1	10075	11622	9887	8771	8454	10825	11513
Pp1s455_2V6.1	1	154775	173191	164975	149240	157697	140995	174820
Pp1s45_62V6.1	3	1652441	1580703	1234990	1241794	941118	942119	1426618
Pp1s460_1V6.1	2	786059	774083	695778	580201	509140	453050	576365
Pp1s465_18V6.1	1	21696	19923	20900	21778	20301	14687	21627
Pp1s46_326V6.1	1	97432	107447	123493	93756	110466	128094	124461
Pp1s479_14V6.1	3	618061	613560	669595	592129	575762	453265	700484
Pp1s47_214V6.1	3	653662	762057	869695	671960	713084	642492	650586
Pp1s49_243V6.1	2	1241891	1331053	1252348	1462242	1331001	1206862	1329474
Pp1s49_285V6.1	3	364470	333010	354223	236101	226620	193621	234545
Pp1s4_235V6.1	1	25360	25466	30011	41434	44866	26842	35172
Pp1s4_321V6.1	1	324354	626012	162119	177260	50956	170082	56685
Pp1s4_490V6.1	3	2517939	2406311	2701393	1212113	1214981	840736	1057260
Pp1s4_75V6.1	2	191318	278264	141972	294079	222310	219908	136619
Pp1s4_80V6.1	1	161105	166700	223291	202993	202864	156759	181158
Pp1s50_50V6.1	3	1114482	1152157	983737	1051904	1246949	1459707	1152944
Pp1s51_241V6.1	2	365782	355560	343728	339809	317555	230542	309021
Pp1s51_261V6.1	1	235867	251262	271094	176241	134041	86454	141453
Pp1s51_315V6.1	3	681321	731172	811075	835388	779269	661314	630672
Pp1s52_157V6.1	3	14868105	13561259	9049309	5698491	4463794	7218093	5765751
Pp1s52_248V6.1	1	508514	447469	454576	636252	597106	526840	584049
Pp1s53_123V6.1	2	291068	291776	330979	322037	338507	315017	355515
Pp1s53_212V6.1	1	69771	76973	94171	79599	82129	46844	66640
Pp1s53_229V6.2	1	203598	187217	160665	69095	70622	49777	57754
Pp1s54_165V6.1	1	272283	261263	1618588	357082	340014	356295	235526
Pp1s54_291V6.1	1	258822	219281	142219	89740	88447	96823	90667
Pp1s54_77V6.1	1	412197	576530	608047	396809	490991	438122	433764
Pp1s553_2V6.1	1	50112	61977	50564	47582	45096	41149	51229
Pp1s55_140V6.1	3	2792783	2459956	2041921	1872993	1655507	2096611	1751846
Pp1s56_223V6.1	2	5562043	5350932	4937652	4226601	3890824	4057416	4941649
Pp1s58_251V6.1	3	516653	595767	624414	564764	621130	581341	563690
Pp1s59_148V6.1	1	43277	40045	49195	35203	34444	28082	29584
Pp1s59_217V6.1	1	372964	352647	330315	292341	251139	161110	277424
Pp1s59_356V6.1	2	211163	261797	184103	267541	245418	191713	151773
Pp1s59_73V6.1	3	1382252	1549639	1259222	821857	820050	539668	633877
Pp1s5_369V6.1	1	79493	75087	112126	75371	91009	51435	101004
Pp1s5_404V6.1	1	60310	77943	289074	75053	63909	37407	69340
Pp1s5_83V6.2	1	466248	760279	715324	537528	658143	388449	334029
Pp1s60_169V6.1	1	154733	213011	239820	270715	257985	149634	211971
Pp1s60_65V6.1	3	1451102	2151049	1697735	913271	1033998	659953	464808
Pp1s61_124V6.1	3	475909	530480	443277	359214	362743	264602	332099
Pp1s61_208V6.1	3	3924683	3552771	3732675	2351018	2413129	2151524	2153874
Pp1s61_72V6.1	3	644541	636082	556972	565820	662925	601142	557770
Pp1s628_7V6.1	3	5554122	5663003	7366039	2356230	2386525	1876301	2172369
Pp1s63_71V6.1	1	5920044	3214082	3828334	2422418	2221474	1647840	1942633
Pp1s64_202V6.1	1	256827	256309	268910	173930	186952	189692	211327
Pp1s64_210V6.1	3	1907299	1997705	2578572	823584	860148	638886	822726
Pp1s65_130V6.1	3	2122731	2196484	1654559	1650412	1732082	1112173	1424448
Pp1s65_267V6.1	2	199953	201112	190476	173345	188532	169888	159044
Pp1s66_107V6.1	3	263423	268004	258917	100994	94486	97996	95742
Pp1s66_139V6.1	1	104095	129481	127175	110177	134273	118005	115036
Pp1s66_172V6.1	1	996542	1053811	1561716	83492	102561	100094	142750
Pp1s66_233V6.1	2	450368	468082	565205	191502	218106	166123	217174
Pp1s66_287V6.1	3	1159050	1182562	1104136	964863	974054	569867	783406
Pp1s68_123V6.1	2	879427	861577	945152	1067135	945459	945751	1234571
Pp1s68_222V6.1	3	466636	444839	936373	185335	178445	158943	212617
Pp1s69_133V6.1	1	238835	270249	225579	117970	116437	68889	53431
Pp1s69_146V6.1	2	338511	355478	361910	181759	198708	141402	175243
Pp1s69_154V6.1	1	55033	113734	91442	266524	313090	244650	135097
Pp1s6_239V6.1	1	78261	100541	101936	43957	48299	28457	15995
Pp1s6_56V6.1	2	169640	179746	195796	118654	131689	96288	127652
Pp1s70_257V6.1	1	50446	54132	44977	34255	39702	33638	47982
Pp1s71_187V6.1	2	1691779	1665206	2373875	1908768	1360049	1179630	3198780
Pp1s71_244V6.2	3	736777	759455	685388	350740	330861	285700	316639
Pp1s71_283V6.1	3	4926599	5902238	5609137	3778570	4179529	4000990	4231442
Pp1s72_197V6.1	2	960517	847529	857305	477758	470208	364613	462626
Pp1s72_25V6.1	3	3145944	3397990	3668705	3393491	3496011	3073998	3730794
Pp1s72_281V6.1	1	280036	256202	286573	128335	116045	76209	111252
Pp1s72_282V6.1	3	215461	262420	255798	251551	280982	211327	197908
Pp1s72_301V6.1	3	803290	873390	876346	440467	456078	318816	346886
Pp1s73_31V6.1	3	681687	870663	681022	729806	736749	550852	452895
Pp1s74_243V6.1	3	2581731	2557295	2648094	2186598	1934193	1367770	1944758
Pp1s75_141V6.1	3	9856852	9948087	10068514	5323393	5773476	4657552	5798397
Pp1s75_233V6.1	1	536448	524162	516340	174203	161941	105651	113966
Pp1s75_253V6.1	1	196699	210596	256384	177577	150146	79663	176302
Pp1s75_41V6.1	1	61562	60675	65221	59992	59651	39320	61607
Pp1s76_196V6.1	1	566288	1982626	2484319	556011	333188	430982	493807
Pp1s76_199V6.1	1	146733	196276	175923	130207	162412	249698	126757
Pp1s76_97V6.1	3	1420175	1437035	1301120	1642227	1624975	1438768	1418106
Pp1s77_2V6.1	1	191461	202776	116062	71455	49184	44846	35248
Pp1s78_211V6.1	3	1879062	1850367	1916310	1663684	1545953	911389	1666520
Pp1s79_110V6.1	3	1595767	1536040	1407260	1377684	1240579	1134434	1458854
Pp1s79_140V6.1	3	495540	515456	545774	254578	239194	202549	284469
Pp1s79_167V6.1	1	1433069	1507434	1370168	867508	813346	495545	514666
Pp1s79_92V6.1	1	116576	89071	131328	50045	46606	43616	61329
Pp1s79_93V6.1	1	110528	167393	95240	68759	56126	32441	16119
Pp1s7_15V6.1	1	31750	37526	60765	33210	32189	36776	38645
Pp1s7_222V6.2	1	129827	128929	161281	117267	115105	58083	114904
Pp1s7_250V6.1	1	248810	306720	188993	112134	58903	68540	43488
Pp1s7_458V6.1	1	1554338	1359437	1407378	767605	677911	499232	794778
Pp1s7_56V6.2	2	194526	209033	224680	195993	189692	183349	222490
Pp1s81_230V6.1	1	162510	163191	171279	158746	145458	101959	123094
Pp1s81_260V6.1	1	1292170	1380596	1301328	815687	967685	1451258	764698
Pp1s81_54V6.1	1	237328	331537	403443	350501	450580	357412	310603
Pp1s83_99V6.1	3	1394614	1407951	1701573	871393	947013	912089	817396
Pp1s85_113V6.1	3	1807516	1777326	1851629	791289	865055	778559	787203
Pp1s85_19V6.1	3	557793	715373	612540	628633	641525	707201	563242
Pp1s85_96V6.2	3	580701	565882	465001	637807	581642	622331	685384
Pp1s86_156V6.1	1	947908	825712	1248347	1055833	1165327	472011	742828
Pp1s87_117V6.1	1	36218	41099	45430	46687	33819	13703	18186
Pp1s88_182V6.1	2	227540	317915	315339	130094	172156	143115	103951
Pp1s88_62V6.1	3	1059745	1069980	1085534	981295	887270	844864	950619
Pp1s89_87V6.1	1	232089	234443	159788	100509	77358	58137	45487
Pp1s8_140V6.1	1	42794	41073	48245	44550	43670	40588	33397
Pp1s8_193V6.1	1	84286	105055	113698	210175	170650	135335	189777
Pp1s8_282V6.1	2	133535	140475	146249	89923	72535	62580	72374
Pp1s8_70V6.1	3	554978	669752	899637	858073	708589	515383	692307
Pp1s90_139V6.2	1	47315	42253	41397	30645	24755	13258	27916
Pp1s90_50V6.1	3	2669383	2467475	2670415	1710298	1361897	1223122	1645053
Pp1s91_16V6.1	3	1012643	955987	942146	513544	467807	307414	413975
Pp1s91_247V6.1	1	365872	336788	320109	558039	559011	352957	420337
Pp1s91_60V6.1	1	556629	439534	466447	414312	420591	450017	459266
Pp1s91_92V6.1	2	839224	1050893	1147800	1516442	1837283	1646772	1104865
Pp1s93_161V6.1	1	194615	212317	225791	245540	261477	260811	300450
Pp1s93_165V6.1	2	303686	277685	412966	155305	197341	113389	187900
Pp1s93_26V6.1	2	739538	743091	1060991	417859	427712	325590	366940
Pp1s94_133V6.1	1	1541125	1226449	1165269	524958	481071	633511	649564
Pp1s95_45V6.1	3	3264368	3077803	2689064	2379628	2483250	2494426	3064845
Pp1s97_166V6.1	1	51695	46880	51296	42854	52650	53431	64997
Pp1s98_132V6.1	3	453001	469625	510425	645147	645948	412202	465733
Pp1s99_201V6.1	2	721625	959911	807018	1237967	1039557	1066310	1298194
Pp1s99_95V6.1	3	1882283	3553712	3900309	3239221	3039459	2061842	3158215
Pp1s9_141V6.1	1	308457	330539	367751	370678	356686	284109	337307
Pp1s9_238V6.1	1	2890936	2528482	1354614	1108145	547479	951131	322102
Pp1s9_406V6.1	3	743981	770761	701666	782824	728787	567657	643985
sp|P34915|RBL_PHYPA	3	6882413	7021328	4214841	7565940	5031008	3051688	3616044
sp|P80658|ATPB_PHYPA	3	59773181	53201309	48381473	27027741	27709696	24265498	27014083
sp|Q00761|ACCD_PHYPA	2	611936	570387	802143	223374	180054	134761	199242
sp|Q6YXK2|ATPF_PHYPA	3	1269749	1329537	1515443	1060249	909779	462663	753875
sp|Q6YXK3|ATPA_PHYPA	3	53723128	52935102	49375254	24042442	22410955	16331397	17708445
sp|Q6YXL0|RK14_PHYPA	3	219194	305389	306351	388143	439043	337442	316906
sp|Q6YXL1|RR8_PHYPA	1	47158	61170	144160	58369	58263	25023	42635
sp|Q6YXL2|IF1C_PHYPA	1	120347	138538	155363	139039	157536	180439	164169
sp|Q6YXL3|CYF_PHYPA	3	7561517	6858212	12364634	2607573	2637108	2264957	3409219
sp|Q6YXL9|PSBE_PHYPA	1	4676116	7357351	7865468	2772778	3346372	2330950	1896648
sp|Q6YXM7|CLPP_PHYPA	1	49793	44716	52761	81492	81233	129136	115303
sp|Q6YXM8|PSBB_PHYPA	3	3033978	2835500	10230795	776288	905985	1391345	903788
sp|Q6YXN5|CHLB_PHYPA	3	682967	678695	660963	529130	485015	390826	561514
sp|Q6YXN8|PSBD_PHYPA	3	6726771	10191093	43805788	1414434	1785020	2171644	1612743
sp|Q6YXN9|PSBC_PHYPA	3	4316920	4799509	36917519	1164833	1260576	1212612	1287550
sp|Q6YXP7|NDHH_PHYPA	3	1532554	1548261	1637738	303161	338420	347248	305688
sp|Q6YXP9|NDHI_PHYPA	2	1910243	1686786	1689120	867935	761965	508584	853559
sp|Q6YXQ2|PSAC_PHYPA	1	620121	557569	681958	326732	382710	140942	152604
sp|Q6YXQ7|CHLL_PHYPA	3	735020	994164	1160402	1201759	1315560	1321129	1262275
sp|Q6YXQ8|NDHJ_PHYPA	2	230611	245068	234596	56126	71163	64951	81185
sp|Q6YXQ9|NDHK_PHYPA	1	149963	218168	254726	60493	85267	55228	48788
sp|Q8MFA2|PSAB_PHYPA	3	928155	1011738	14374994	167651	189685	134833	92239
sp|Q8MFA3|PSAA_PHYPA	3	5458206	4893779	59667569	799986	924959	771833	889410
tr|Q1XGA4|Q1XGA4_PHYPA	3	1806195	1864222	2209645	1988422	2056959	1350519	1489553
tr|Q6YXN7|Q6YXN7_PHYPA	3	4931587	5854619	23810838	1488359	1327204	1171188	1131436
tr|Q6YXR2|Q6YXR2_PHYPA	3	430097	445585	576634	807364	947607	628514	567239
